,Date,Close
0,2012-06-01 00:00:00,27.719998999999998
1,2012-06-04 00:00:00,26.9
2,2012-06-05 00:00:00,25.870001000000002
3,2012-06-06 00:00:00,26.809998999999998
4,2012-06-07 00:00:00,26.309998999999998
5,2012-06-08 00:00:00,27.1
6,2012-06-11 00:00:00,27.01
7,2012-06-12 00:00:00,27.4
8,2012-06-13 00:00:00,27.27
9,2012-06-14 00:00:00,28.290001
10,2012-06-15 00:00:00,30.01
11,2012-06-18 00:00:00,31.41
12,2012-06-19 00:00:00,31.91
13,2012-06-20 00:00:00,31.6
14,2012-06-21 00:00:00,31.84
15,2012-06-22 00:00:00,33.049999
16,2012-06-25 00:00:00,32.060001
17,2012-06-26 00:00:00,33.099998
18,2012-06-27 00:00:00,32.23
19,2012-06-28 00:00:00,31.360001
20,2012-06-29 00:00:00,31.1
21,2012-07-02 00:00:00,30.77
22,2012-07-03 00:00:00,31.200001
23,2012-07-05 00:00:00,31.469998999999998
24,2012-07-06 00:00:00,31.73
25,2012-07-09 00:00:00,32.169998
26,2012-07-10 00:00:00,31.469998999999998
27,2012-07-11 00:00:00,30.969998999999998
28,2012-07-12 00:00:00,30.809998999999998
29,2012-07-13 00:00:00,30.719998999999998
30,2012-07-16 00:00:00,28.25
31,2012-07-17 00:00:00,28.09
32,2012-07-18 00:00:00,29.110001
33,2012-07-19 00:00:00,29.0
34,2012-07-20 00:00:00,28.76
35,2012-07-23 00:00:00,28.75
36,2012-07-24 00:00:00,28.450001
37,2012-07-25 00:00:00,29.34
38,2012-07-26 00:00:00,26.85
39,2012-07-27 00:00:00,23.709999
40,2012-07-30 00:00:00,23.15
41,2012-07-31 00:00:00,21.709999
42,2012-08-01 00:00:00,20.879998999999998
43,2012-08-02 00:00:00,20.040001
44,2012-08-03 00:00:00,21.09
45,2012-08-06 00:00:00,21.92
46,2012-08-07 00:00:00,20.719998999999998
47,2012-08-08 00:00:00,20.719998999999998
48,2012-08-09 00:00:00,21.01
49,2012-08-10 00:00:00,21.809998999999998
50,2012-08-13 00:00:00,21.6
51,2012-08-14 00:00:00,20.379998999999998
52,2012-08-15 00:00:00,21.200001
53,2012-08-16 00:00:00,19.870001000000002
54,2012-08-17 00:00:00,19.049999
55,2012-08-20 00:00:00,20.01
56,2012-08-21 00:00:00,19.16
57,2012-08-22 00:00:00,19.440001000000002
58,2012-08-23 00:00:00,19.440001000000002
59,2012-08-24 00:00:00,19.41
60,2012-08-27 00:00:00,19.15
61,2012-08-28 00:00:00,19.34
62,2012-08-29 00:00:00,19.1
63,2012-08-30 00:00:00,19.09
64,2012-08-31 00:00:00,18.059998999999998
65,2012-09-04 00:00:00,17.73
66,2012-09-05 00:00:00,18.58
67,2012-09-06 00:00:00,18.959999
68,2012-09-07 00:00:00,18.98
69,2012-09-10 00:00:00,18.809998999999998
70,2012-09-11 00:00:00,19.43
71,2012-09-12 00:00:00,20.93
72,2012-09-13 00:00:00,20.709999
73,2012-09-14 00:00:00,22.0
74,2012-09-17 00:00:00,21.52
75,2012-09-18 00:00:00,21.870001000000002
76,2012-09-19 00:00:00,23.290001
77,2012-09-20 00:00:00,22.59
78,2012-09-21 00:00:00,22.860001
79,2012-09-24 00:00:00,20.790001
80,2012-09-25 00:00:00,20.280001000000002
81,2012-09-26 00:00:00,20.620001000000002
82,2012-09-27 00:00:00,20.32
83,2012-09-28 00:00:00,21.66
84,2012-10-01 00:00:00,21.99
85,2012-10-02 00:00:00,22.27
86,2012-10-03 00:00:00,21.83
87,2012-10-04 00:00:00,21.950001
88,2012-10-05 00:00:00,20.91
89,2012-10-08 00:00:00,20.4
90,2012-10-09 00:00:00,20.23
91,2012-10-10 00:00:00,19.639999
92,2012-10-11 00:00:00,19.75
93,2012-10-12 00:00:00,19.52
94,2012-10-15 00:00:00,19.52
95,2012-10-16 00:00:00,19.48
96,2012-10-17 00:00:00,19.879998999999998
97,2012-10-18 00:00:00,18.98
98,2012-10-19 00:00:00,19.0
99,2012-10-22 00:00:00,19.32
100,2012-10-23 00:00:00,19.5
101,2012-10-24 00:00:00,23.23
102,2012-10-25 00:00:00,22.559998999999998
103,2012-10-26 00:00:00,21.940001000000002
104,2012-10-31 00:00:00,21.110001
105,2012-11-01 00:00:00,21.209999
106,2012-11-02 00:00:00,21.18
107,2012-11-05 00:00:00,21.25
108,2012-11-06 00:00:00,21.17
109,2012-11-07 00:00:00,20.469998999999998
110,2012-11-08 00:00:00,19.99
111,2012-11-09 00:00:00,19.209999
112,2012-11-12 00:00:00,20.07
113,2012-11-13 00:00:00,19.860001
114,2012-11-14 00:00:00,22.360001
115,2012-11-15 00:00:00,22.17
116,2012-11-16 00:00:00,23.559998999999998
117,2012-11-19 00:00:00,22.92
118,2012-11-20 00:00:00,23.1
119,2012-11-21 00:00:00,24.32
120,2012-11-23 00:00:00,24.0
121,2012-11-26 00:00:00,25.940001000000002
122,2012-11-27 00:00:00,26.15
123,2012-11-28 00:00:00,26.360001
124,2012-11-29 00:00:00,27.32
125,2012-11-30 00:00:00,28.0
126,2012-12-03 00:00:00,27.040001
127,2012-12-04 00:00:00,27.459999
128,2012-12-05 00:00:00,27.709999
129,2012-12-06 00:00:00,26.969998999999998
130,2012-12-07 00:00:00,27.49
131,2012-12-10 00:00:00,27.84
132,2012-12-11 00:00:00,27.98
133,2012-12-12 00:00:00,27.58
134,2012-12-13 00:00:00,28.24
135,2012-12-14 00:00:00,26.809998999999998
136,2012-12-17 00:00:00,26.75
137,2012-12-18 00:00:00,27.709999
138,2012-12-19 00:00:00,27.41
139,2012-12-20 00:00:00,27.360001
140,2012-12-21 00:00:00,26.26
141,2012-12-24 00:00:00,26.93
142,2012-12-26 00:00:00,26.51
143,2012-12-27 00:00:00,26.049999
144,2012-12-28 00:00:00,25.91
145,2012-12-31 00:00:00,26.620001000000002
146,2013-01-02 00:00:00,28.0
147,2013-01-03 00:00:00,27.77
148,2013-01-04 00:00:00,28.76
149,2013-01-07 00:00:00,29.42
150,2013-01-08 00:00:00,29.059998999999998
151,2013-01-09 00:00:00,30.59
152,2013-01-10 00:00:00,31.299999
153,2013-01-11 00:00:00,31.719998999999998
154,2013-01-14 00:00:00,30.950001
155,2013-01-15 00:00:00,30.1
156,2013-01-16 00:00:00,29.85
157,2013-01-17 00:00:00,30.139999
158,2013-01-18 00:00:00,29.66
159,2013-01-22 00:00:00,30.73
160,2013-01-23 00:00:00,30.82
161,2013-01-24 00:00:00,31.08
162,2013-01-25 00:00:00,31.540001
163,2013-01-28 00:00:00,32.470001
164,2013-01-29 00:00:00,30.790001
165,2013-01-30 00:00:00,31.24
166,2013-01-31 00:00:00,30.98
167,2013-02-01 00:00:00,29.73
168,2013-02-04 00:00:00,28.110001
169,2013-02-05 00:00:00,28.639999
170,2013-02-06 00:00:00,29.049999
171,2013-02-07 00:00:00,28.65
172,2013-02-08 00:00:00,28.549999
173,2013-02-11 00:00:00,28.26
174,2013-02-12 00:00:00,27.370001000000002
175,2013-02-13 00:00:00,27.91
176,2013-02-14 00:00:00,28.5
177,2013-02-15 00:00:00,28.32
178,2013-02-19 00:00:00,28.93
179,2013-02-20 00:00:00,28.459999
180,2013-02-21 00:00:00,27.280001000000002
181,2013-02-22 00:00:00,27.129998999999998
182,2013-02-25 00:00:00,27.27
183,2013-02-26 00:00:00,27.389999
184,2013-02-27 00:00:00,26.870001000000002
185,2013-02-28 00:00:00,27.25
186,2013-03-01 00:00:00,27.780001000000002
187,2013-03-04 00:00:00,27.719998999999998
188,2013-03-05 00:00:00,27.52
189,2013-03-06 00:00:00,27.450001
190,2013-03-07 00:00:00,28.58
191,2013-03-08 00:00:00,27.959999
192,2013-03-11 00:00:00,28.139999
193,2013-03-12 00:00:00,27.83
194,2013-03-13 00:00:00,27.08
195,2013-03-14 00:00:00,27.040001
196,2013-03-15 00:00:00,26.65
197,2013-03-18 00:00:00,26.49
198,2013-03-19 00:00:00,26.549999
199,2013-03-20 00:00:00,25.860001
200,2013-03-21 00:00:00,25.74
201,2013-03-22 00:00:00,25.73
202,2013-03-25 00:00:00,25.129998999999998
203,2013-03-26 00:00:00,25.209999
204,2013-03-27 00:00:00,26.09
205,2013-03-28 00:00:00,25.58
206,2013-04-01 00:00:00,25.530001000000002
207,2013-04-02 00:00:00,25.42
208,2013-04-03 00:00:00,26.25
209,2013-04-04 00:00:00,27.07
210,2013-04-05 00:00:00,27.389999
211,2013-04-08 00:00:00,26.85
212,2013-04-09 00:00:00,26.59
213,2013-04-10 00:00:00,27.57
214,2013-04-11 00:00:00,28.02
215,2013-04-12 00:00:00,27.4
216,2013-04-15 00:00:00,26.52
217,2013-04-16 00:00:00,26.92
218,2013-04-17 00:00:00,26.629998999999998
219,2013-04-18 00:00:00,25.690001000000002
220,2013-04-19 00:00:00,25.73
221,2013-04-22 00:00:00,25.969998999999998
222,2013-04-23 00:00:00,25.98
223,2013-04-24 00:00:00,26.110001
224,2013-04-25 00:00:00,26.139999
225,2013-04-26 00:00:00,26.85
226,2013-04-29 00:00:00,26.98
227,2013-04-30 00:00:00,27.77
228,2013-05-01 00:00:00,27.43
229,2013-05-02 00:00:00,28.969998999999998
230,2013-05-03 00:00:00,28.309998999999998
231,2013-05-06 00:00:00,27.57
232,2013-05-07 00:00:00,26.889999
233,2013-05-08 00:00:00,27.120001000000002
234,2013-05-09 00:00:00,27.040001
235,2013-05-10 00:00:00,26.68
236,2013-05-13 00:00:00,26.82
237,2013-05-14 00:00:00,27.07
238,2013-05-15 00:00:00,26.6
239,2013-05-16 00:00:00,26.129998999999998
240,2013-05-17 00:00:00,26.25
241,2013-05-20 00:00:00,25.76
242,2013-05-21 00:00:00,25.66
243,2013-05-22 00:00:00,25.16
244,2013-05-23 00:00:00,25.059998999999998
245,2013-05-24 00:00:00,24.309998999999998
246,2013-05-28 00:00:00,24.1
247,2013-05-29 00:00:00,23.32
248,2013-05-30 00:00:00,24.549999
249,2013-05-31 00:00:00,24.35
250,2013-06-03 00:00:00,23.85
251,2013-06-04 00:00:00,23.52
252,2013-06-05 00:00:00,22.9
253,2013-06-06 00:00:00,22.969998999999998
254,2013-06-07 00:00:00,23.290001
255,2013-06-10 00:00:00,24.33
256,2013-06-11 00:00:00,24.030001000000002
257,2013-06-12 00:00:00,23.77
258,2013-06-13 00:00:00,23.73
259,2013-06-14 00:00:00,23.629998999999998
260,2013-06-17 00:00:00,24.02
261,2013-06-18 00:00:00,24.209999
262,2013-06-19 00:00:00,24.309998999999998
263,2013-06-20 00:00:00,23.9
264,2013-06-21 00:00:00,24.530001000000002
265,2013-06-24 00:00:00,23.940001000000002
266,2013-06-25 00:00:00,24.25
267,2013-06-26 00:00:00,24.16
268,2013-06-27 00:00:00,24.66
269,2013-06-28 00:00:00,24.879998999999998
270,2013-07-01 00:00:00,24.809998999999998
271,2013-07-02 00:00:00,24.41
272,2013-07-03 00:00:00,24.52
273,2013-07-05 00:00:00,24.370001000000002
274,2013-07-08 00:00:00,24.709999
275,2013-07-09 00:00:00,25.48
276,2013-07-10 00:00:00,25.799999
277,2013-07-11 00:00:00,25.809998999999998
278,2013-07-12 00:00:00,25.91
279,2013-07-15 00:00:00,26.280001000000002
280,2013-07-16 00:00:00,26.32
281,2013-07-17 00:00:00,26.65
282,2013-07-18 00:00:00,26.18
283,2013-07-19 00:00:00,25.879998999999998
284,2013-07-22 00:00:00,26.049999
285,2013-07-23 00:00:00,26.129998999999998
286,2013-07-24 00:00:00,26.51
287,2013-07-25 00:00:00,34.360001000000004
288,2013-07-26 00:00:00,34.009997999999996
289,2013-07-29 00:00:00,35.43
290,2013-07-30 00:00:00,37.630001
291,2013-07-31 00:00:00,36.799999
292,2013-08-01 00:00:00,37.490002000000004
293,2013-08-02 00:00:00,38.049999
294,2013-08-05 00:00:00,39.189999
295,2013-08-06 00:00:00,38.549999
296,2013-08-07 00:00:00,38.869999
297,2013-08-08 00:00:00,38.540001000000004
298,2013-08-09 00:00:00,38.5
299,2013-08-12 00:00:00,38.220001
300,2013-08-13 00:00:00,37.02
301,2013-08-14 00:00:00,36.650002
302,2013-08-15 00:00:00,36.560001
303,2013-08-16 00:00:00,37.080002
304,2013-08-19 00:00:00,37.810001
305,2013-08-20 00:00:00,38.41
306,2013-08-21 00:00:00,38.32
307,2013-08-22 00:00:00,38.549999
308,2013-08-23 00:00:00,40.549999
309,2013-08-26 00:00:00,41.34
310,2013-08-27 00:00:00,39.639998999999996
311,2013-08-28 00:00:00,40.549999
312,2013-08-29 00:00:00,41.279999
313,2013-08-30 00:00:00,41.290001000000004
314,2013-09-03 00:00:00,41.869999
315,2013-09-04 00:00:00,41.779999
316,2013-09-05 00:00:00,42.66
317,2013-09-06 00:00:00,43.950001
318,2013-09-09 00:00:00,44.040001000000004
319,2013-09-10 00:00:00,43.599998
320,2013-09-11 00:00:00,45.040001000000004
321,2013-09-12 00:00:00,44.75
322,2013-09-13 00:00:00,44.310001
323,2013-09-16 00:00:00,42.509997999999996
324,2013-09-17 00:00:00,45.07
325,2013-09-18 00:00:00,45.23
326,2013-09-19 00:00:00,45.98
327,2013-09-20 00:00:00,47.490002000000004
328,2013-09-23 00:00:00,47.189999
329,2013-09-24 00:00:00,48.450001
330,2013-09-25 00:00:00,49.459998999999996
331,2013-09-26 00:00:00,50.389998999999996
332,2013-09-27 00:00:00,51.240002000000004
333,2013-09-30 00:00:00,50.23
334,2013-10-01 00:00:00,50.419998
335,2013-10-02 00:00:00,50.279999
336,2013-10-03 00:00:00,49.18
337,2013-10-04 00:00:00,51.040001000000004
338,2013-10-07 00:00:00,50.52
339,2013-10-08 00:00:00,47.139998999999996
340,2013-10-09 00:00:00,46.77
341,2013-10-10 00:00:00,49.049999
342,2013-10-11 00:00:00,49.110001000000004
343,2013-10-14 00:00:00,49.509997999999996
344,2013-10-15 00:00:00,49.5
345,2013-10-16 00:00:00,51.139998999999996
346,2013-10-17 00:00:00,52.209998999999996
347,2013-10-18 00:00:00,54.220001
348,2013-10-21 00:00:00,53.849998
349,2013-10-22 00:00:00,52.68
350,2013-10-23 00:00:00,51.900002
351,2013-10-24 00:00:00,52.450001
352,2013-10-25 00:00:00,51.950001
353,2013-10-28 00:00:00,50.23
354,2013-10-29 00:00:00,49.400002
355,2013-10-30 00:00:00,49.009997999999996
356,2013-10-31 00:00:00,50.209998999999996
357,2013-11-01 00:00:00,49.75
358,2013-11-04 00:00:00,48.220001
359,2013-11-05 00:00:00,50.110001000000004
360,2013-11-06 00:00:00,49.119999
361,2013-11-07 00:00:00,47.560001
362,2013-11-08 00:00:00,47.529999
363,2013-11-11 00:00:00,46.200001
364,2013-11-12 00:00:00,46.610001000000004
365,2013-11-13 00:00:00,48.709998999999996
366,2013-11-14 00:00:00,48.990002000000004
367,2013-11-15 00:00:00,49.009997999999996
368,2013-11-18 00:00:00,45.830002
369,2013-11-19 00:00:00,46.360001000000004
370,2013-11-20 00:00:00,46.43
371,2013-11-21 00:00:00,46.700001
372,2013-11-22 00:00:00,46.23
373,2013-11-25 00:00:00,44.82
374,2013-11-26 00:00:00,45.889998999999996
375,2013-11-27 00:00:00,46.490002000000004
376,2013-11-29 00:00:00,47.009997999999996
377,2013-12-02 00:00:00,47.060001
378,2013-12-03 00:00:00,46.73
379,2013-12-04 00:00:00,48.619999
380,2013-12-05 00:00:00,48.34
381,2013-12-06 00:00:00,47.939999
382,2013-12-09 00:00:00,48.84
383,2013-12-10 00:00:00,50.25
384,2013-12-11 00:00:00,49.380001
385,2013-12-12 00:00:00,51.830002
386,2013-12-13 00:00:00,53.32
387,2013-12-16 00:00:00,53.810001
388,2013-12-17 00:00:00,54.860001000000004
389,2013-12-18 00:00:00,55.57
390,2013-12-19 00:00:00,55.049999
391,2013-12-20 00:00:00,55.119999
392,2013-12-23 00:00:00,57.77
393,2013-12-24 00:00:00,57.959998999999996
394,2013-12-26 00:00:00,57.73
395,2013-12-27 00:00:00,55.439999
396,2013-12-30 00:00:00,53.709998999999996
397,2013-12-31 00:00:00,54.650002
398,2014-01-02 00:00:00,54.709998999999996
399,2014-01-03 00:00:00,54.560001
400,2014-01-06 00:00:00,57.200001
401,2014-01-07 00:00:00,57.919998
402,2014-01-08 00:00:00,58.23
403,2014-01-09 00:00:00,57.220001
404,2014-01-10 00:00:00,57.939999
405,2014-01-13 00:00:00,55.91
406,2014-01-14 00:00:00,57.740002000000004
407,2014-01-15 00:00:00,57.599998
408,2014-01-16 00:00:00,57.189999
409,2014-01-17 00:00:00,56.299999
410,2014-01-21 00:00:00,58.509997999999996
411,2014-01-22 00:00:00,57.509997999999996
412,2014-01-23 00:00:00,56.630001
413,2014-01-24 00:00:00,54.450001
414,2014-01-27 00:00:00,53.549999
415,2014-01-28 00:00:00,55.139998999999996
416,2014-01-29 00:00:00,53.529999
417,2014-01-30 00:00:00,61.080002
418,2014-01-31 00:00:00,62.57
419,2014-02-03 00:00:00,61.48
420,2014-02-04 00:00:00,62.75
421,2014-02-05 00:00:00,62.189999
422,2014-02-06 00:00:00,62.16
423,2014-02-07 00:00:00,64.32
424,2014-02-10 00:00:00,63.549999
425,2014-02-11 00:00:00,64.849998
426,2014-02-12 00:00:00,64.449997
427,2014-02-13 00:00:00,67.33000200000001
428,2014-02-14 00:00:00,67.089996
429,2014-02-18 00:00:00,67.300003
430,2014-02-19 00:00:00,68.059998
431,2014-02-20 00:00:00,69.629997
432,2014-02-21 00:00:00,68.589996
433,2014-02-24 00:00:00,70.779999
434,2014-02-25 00:00:00,69.849998
435,2014-02-26 00:00:00,69.260002
436,2014-02-27 00:00:00,68.940002
437,2014-02-28 00:00:00,68.459999
438,2014-03-03 00:00:00,67.410004
439,2014-03-04 00:00:00,68.800003
440,2014-03-05 00:00:00,71.57
441,2014-03-06 00:00:00,70.839996
442,2014-03-07 00:00:00,69.800003
443,2014-03-10 00:00:00,72.029999
444,2014-03-11 00:00:00,70.099998
445,2014-03-12 00:00:00,70.879997
446,2014-03-13 00:00:00,68.83000200000001
447,2014-03-14 00:00:00,67.720001
448,2014-03-17 00:00:00,68.739998
449,2014-03-18 00:00:00,69.190002
450,2014-03-19 00:00:00,68.239998
451,2014-03-20 00:00:00,66.970001
452,2014-03-21 00:00:00,67.239998
453,2014-03-24 00:00:00,64.099998
454,2014-03-25 00:00:00,64.889999
455,2014-03-26 00:00:00,60.389998999999996
456,2014-03-27 00:00:00,60.970001
457,2014-03-28 00:00:00,60.009997999999996
458,2014-03-31 00:00:00,60.240002000000004
459,2014-04-01 00:00:00,62.619999
460,2014-04-02 00:00:00,62.720001
461,2014-04-03 00:00:00,59.490002000000004
462,2014-04-04 00:00:00,56.75
463,2014-04-07 00:00:00,56.950001
464,2014-04-08 00:00:00,58.189999
465,2014-04-09 00:00:00,62.41
466,2014-04-10 00:00:00,59.16
467,2014-04-11 00:00:00,58.529999
468,2014-04-14 00:00:00,58.889998999999996
469,2014-04-15 00:00:00,59.09
470,2014-04-16 00:00:00,59.720001
471,2014-04-17 00:00:00,58.939999
472,2014-04-21 00:00:00,61.240002000000004
473,2014-04-22 00:00:00,63.029999
474,2014-04-23 00:00:00,61.360001000000004
475,2014-04-24 00:00:00,60.869999
476,2014-04-25 00:00:00,57.709998999999996
477,2014-04-28 00:00:00,56.139998999999996
478,2014-04-29 00:00:00,58.150002
479,2014-04-30 00:00:00,59.779999
480,2014-05-01 00:00:00,61.150002
481,2014-05-02 00:00:00,60.459998999999996
482,2014-05-05 00:00:00,61.220001
483,2014-05-06 00:00:00,58.529999
484,2014-05-07 00:00:00,57.389998999999996
485,2014-05-08 00:00:00,56.759997999999996
486,2014-05-09 00:00:00,57.240002000000004
487,2014-05-12 00:00:00,59.830002
488,2014-05-13 00:00:00,59.830002
489,2014-05-14 00:00:00,59.23
490,2014-05-15 00:00:00,57.919998
491,2014-05-16 00:00:00,58.02
492,2014-05-19 00:00:00,59.209998999999996
493,2014-05-20 00:00:00,58.560001
494,2014-05-21 00:00:00,60.490002000000004
495,2014-05-22 00:00:00,60.52
496,2014-05-23 00:00:00,61.349998
497,2014-05-27 00:00:00,63.48
498,2014-05-28 00:00:00,63.509997999999996
499,2014-05-29 00:00:00,63.830002
500,2014-05-30 00:00:00,63.299999
501,2014-06-02 00:00:00,63.080002
502,2014-06-03 00:00:00,62.869999
503,2014-06-04 00:00:00,63.34
504,2014-06-05 00:00:00,63.189999
505,2014-06-06 00:00:00,62.5
506,2014-06-09 00:00:00,62.880001
507,2014-06-10 00:00:00,65.769997
508,2014-06-11 00:00:00,65.779999
509,2014-06-12 00:00:00,64.290001
510,2014-06-13 00:00:00,64.5
511,2014-06-16 00:00:00,64.190002
512,2014-06-17 00:00:00,64.400002
513,2014-06-18 00:00:00,65.599998
514,2014-06-19 00:00:00,64.339996
515,2014-06-20 00:00:00,64.5
516,2014-06-23 00:00:00,65.370003
517,2014-06-24 00:00:00,65.720001
518,2014-06-25 00:00:00,67.440002
519,2014-06-26 00:00:00,67.129997
520,2014-06-27 00:00:00,67.599998
521,2014-06-30 00:00:00,67.290001
522,2014-07-01 00:00:00,68.059998
523,2014-07-02 00:00:00,66.449997
524,2014-07-03 00:00:00,66.290001
525,2014-07-07 00:00:00,65.290001
526,2014-07-08 00:00:00,62.759997999999996
527,2014-07-09 00:00:00,64.970001
528,2014-07-10 00:00:00,64.870003
529,2014-07-11 00:00:00,66.339996
530,2014-07-14 00:00:00,67.900002
531,2014-07-15 00:00:00,67.16999799999999
532,2014-07-16 00:00:00,67.660004
533,2014-07-17 00:00:00,66.410004
534,2014-07-18 00:00:00,68.41999799999999
535,2014-07-21 00:00:00,69.400002
536,2014-07-22 00:00:00,69.269997
537,2014-07-23 00:00:00,71.290001
538,2014-07-24 00:00:00,74.980003
539,2014-07-25 00:00:00,75.190002
540,2014-07-28 00:00:00,74.91999799999999
541,2014-07-29 00:00:00,73.709999
542,2014-07-30 00:00:00,74.68
543,2014-07-31 00:00:00,72.650002
544,2014-08-01 00:00:00,72.360001
545,2014-08-04 00:00:00,73.510002
546,2014-08-05 00:00:00,72.690002
547,2014-08-06 00:00:00,72.470001
548,2014-08-07 00:00:00,73.16999799999999
549,2014-08-08 00:00:00,73.059998
550,2014-08-11 00:00:00,73.440002
551,2014-08-12 00:00:00,72.83000200000001
552,2014-08-13 00:00:00,73.769997
553,2014-08-14 00:00:00,74.300003
554,2014-08-15 00:00:00,73.629997
555,2014-08-18 00:00:00,74.589996
556,2014-08-19 00:00:00,75.290001
557,2014-08-20 00:00:00,74.809998
558,2014-08-21 00:00:00,74.57
559,2014-08-22 00:00:00,74.57
560,2014-08-25 00:00:00,75.019997
561,2014-08-26 00:00:00,75.959999
562,2014-08-27 00:00:00,74.629997
563,2014-08-28 00:00:00,73.860001
564,2014-08-29 00:00:00,74.82
565,2014-09-02 00:00:00,76.68
566,2014-09-03 00:00:00,75.83000200000001
567,2014-09-04 00:00:00,75.949997
568,2014-09-05 00:00:00,77.260002
569,2014-09-08 00:00:00,77.889999
570,2014-09-09 00:00:00,76.66999799999999
571,2014-09-10 00:00:00,77.43
572,2014-09-11 00:00:00,77.91999799999999
573,2014-09-12 00:00:00,77.480003
574,2014-09-15 00:00:00,74.58000200000001
575,2014-09-16 00:00:00,76.08000200000001
576,2014-09-17 00:00:00,76.43
577,2014-09-18 00:00:00,77.0
578,2014-09-19 00:00:00,77.910004
579,2014-09-22 00:00:00,76.800003
580,2014-09-23 00:00:00,78.290001
581,2014-09-24 00:00:00,78.540001
582,2014-09-25 00:00:00,77.220001
583,2014-09-26 00:00:00,78.790001
584,2014-09-29 00:00:00,79.0
585,2014-09-30 00:00:00,79.040001
586,2014-10-01 00:00:00,76.550003
587,2014-10-02 00:00:00,77.08000200000001
588,2014-10-03 00:00:00,77.440002
589,2014-10-06 00:00:00,77.559998
590,2014-10-07 00:00:00,76.290001
591,2014-10-08 00:00:00,77.519997
592,2014-10-09 00:00:00,75.910004
593,2014-10-10 00:00:00,72.910004
594,2014-10-13 00:00:00,72.989998
595,2014-10-14 00:00:00,73.589996
596,2014-10-15 00:00:00,73.209999
597,2014-10-16 00:00:00,72.629997
598,2014-10-17 00:00:00,75.949997
599,2014-10-20 00:00:00,76.949997
600,2014-10-21 00:00:00,78.690002
601,2014-10-22 00:00:00,78.370003
602,2014-10-23 00:00:00,80.040001
603,2014-10-24 00:00:00,80.66999799999999
604,2014-10-27 00:00:00,80.279999
605,2014-10-28 00:00:00,80.769997
606,2014-10-29 00:00:00,75.860001
607,2014-10-30 00:00:00,74.110001
608,2014-10-31 00:00:00,74.989998
609,2014-11-03 00:00:00,73.879997
610,2014-11-04 00:00:00,75.760002
611,2014-11-05 00:00:00,74.83000200000001
612,2014-11-06 00:00:00,75.260002
613,2014-11-07 00:00:00,75.599998
614,2014-11-10 00:00:00,75.0
615,2014-11-11 00:00:00,74.610001
616,2014-11-12 00:00:00,74.720001
617,2014-11-13 00:00:00,74.25
618,2014-11-14 00:00:00,74.879997
619,2014-11-17 00:00:00,74.239998
620,2014-11-18 00:00:00,74.339996
621,2014-11-19 00:00:00,73.33000200000001
622,2014-11-20 00:00:00,73.599998
623,2014-11-21 00:00:00,73.75
624,2014-11-24 00:00:00,74.010002
625,2014-11-25 00:00:00,75.629997
626,2014-11-26 00:00:00,77.620003
627,2014-11-28 00:00:00,77.699997
628,2014-12-01 00:00:00,75.099998
629,2014-12-02 00:00:00,75.459999
630,2014-12-03 00:00:00,74.879997
631,2014-12-04 00:00:00,75.239998
632,2014-12-05 00:00:00,76.360001
633,2014-12-08 00:00:00,76.519997
634,2014-12-09 00:00:00,76.839996
635,2014-12-10 00:00:00,76.18
636,2014-12-11 00:00:00,77.730003
637,2014-12-12 00:00:00,77.83000200000001
638,2014-12-15 00:00:00,76.989998
639,2014-12-16 00:00:00,74.690002
640,2014-12-17 00:00:00,76.110001
641,2014-12-18 00:00:00,78.400002
642,2014-12-19 00:00:00,79.879997
643,2014-12-22 00:00:00,81.449997
644,2014-12-23 00:00:00,80.610001
645,2014-12-24 00:00:00,80.769997
646,2014-12-26 00:00:00,80.779999
647,2014-12-29 00:00:00,80.019997
648,2014-12-30 00:00:00,79.220001
649,2014-12-31 00:00:00,78.019997
650,2015-01-02 00:00:00,78.449997
651,2015-01-05 00:00:00,77.190002
652,2015-01-06 00:00:00,76.150002
653,2015-01-07 00:00:00,76.150002
654,2015-01-08 00:00:00,78.18
655,2015-01-09 00:00:00,77.739998
656,2015-01-12 00:00:00,76.720001
657,2015-01-13 00:00:00,76.449997
658,2015-01-14 00:00:00,76.279999
659,2015-01-15 00:00:00,74.050003
660,2015-01-16 00:00:00,75.18
661,2015-01-20 00:00:00,76.239998
662,2015-01-21 00:00:00,76.739998
663,2015-01-22 00:00:00,77.650002
664,2015-01-23 00:00:00,77.83000200000001
665,2015-01-26 00:00:00,77.5
666,2015-01-27 00:00:00,75.779999
667,2015-01-28 00:00:00,76.239998
668,2015-01-29 00:00:00,78.0
669,2015-01-30 00:00:00,75.910004
670,2015-02-02 00:00:00,74.989998
671,2015-02-03 00:00:00,75.400002
672,2015-02-04 00:00:00,75.629997
673,2015-02-05 00:00:00,75.610001
674,2015-02-06 00:00:00,74.470001
675,2015-02-09 00:00:00,74.440002
676,2015-02-10 00:00:00,75.190002
677,2015-02-11 00:00:00,76.510002
678,2015-02-12 00:00:00,76.230003
679,2015-02-13 00:00:00,75.739998
680,2015-02-17 00:00:00,75.599998
681,2015-02-18 00:00:00,76.709999
682,2015-02-19 00:00:00,79.41999799999999
683,2015-02-20 00:00:00,79.900002
684,2015-02-23 00:00:00,78.839996
685,2015-02-24 00:00:00,78.449997
686,2015-02-25 00:00:00,79.559998
687,2015-02-26 00:00:00,80.410004
688,2015-02-27 00:00:00,78.970001
689,2015-03-02 00:00:00,79.75
690,2015-03-03 00:00:00,79.599998
691,2015-03-04 00:00:00,80.900002
692,2015-03-05 00:00:00,81.209999
693,2015-03-06 00:00:00,80.010002
694,2015-03-09 00:00:00,79.440002
695,2015-03-10 00:00:00,77.550003
696,2015-03-11 00:00:00,77.57
697,2015-03-12 00:00:00,78.93
698,2015-03-13 00:00:00,78.050003
699,2015-03-16 00:00:00,78.07
700,2015-03-17 00:00:00,79.360001
701,2015-03-18 00:00:00,80.910004
702,2015-03-19 00:00:00,82.75
703,2015-03-20 00:00:00,83.800003
704,2015-03-23 00:00:00,84.43
705,2015-03-24 00:00:00,85.309998
706,2015-03-25 00:00:00,82.91999799999999
707,2015-03-26 00:00:00,83.010002
708,2015-03-27 00:00:00,83.300003
709,2015-03-30 00:00:00,83.199997
710,2015-03-31 00:00:00,82.220001
711,2015-04-01 00:00:00,81.66999799999999
712,2015-04-02 00:00:00,81.559998
713,2015-04-06 00:00:00,82.440002
714,2015-04-07 00:00:00,82.32
715,2015-04-08 00:00:00,82.279999
716,2015-04-09 00:00:00,82.16999799999999
717,2015-04-10 00:00:00,82.040001
718,2015-04-13 00:00:00,83.010002
719,2015-04-14 00:00:00,83.519997
720,2015-04-15 00:00:00,82.709999
721,2015-04-16 00:00:00,82.309998
722,2015-04-17 00:00:00,80.779999
723,2015-04-20 00:00:00,83.089996
724,2015-04-21 00:00:00,83.620003
725,2015-04-22 00:00:00,84.629997
726,2015-04-23 00:00:00,82.410004
727,2015-04-24 00:00:00,81.529999
728,2015-04-27 00:00:00,81.910004
729,2015-04-28 00:00:00,80.68
730,2015-04-29 00:00:00,80.470001
731,2015-04-30 00:00:00,78.769997
732,2015-05-01 00:00:00,78.989998
733,2015-05-04 00:00:00,78.809998
734,2015-05-05 00:00:00,77.559998
735,2015-05-06 00:00:00,78.099998
736,2015-05-07 00:00:00,78.43
737,2015-05-08 00:00:00,78.510002
738,2015-05-11 00:00:00,78.010002
739,2015-05-12 00:00:00,77.459999
740,2015-05-13 00:00:00,78.440002
741,2015-05-14 00:00:00,81.370003
742,2015-05-15 00:00:00,80.41999799999999
743,2015-05-18 00:00:00,80.879997
744,2015-05-19 00:00:00,80.629997
745,2015-05-20 00:00:00,80.550003
746,2015-05-21 00:00:00,80.480003
747,2015-05-22 00:00:00,80.540001
748,2015-05-26 00:00:00,79.33000200000001
749,2015-05-27 00:00:00,80.550003
750,2015-05-28 00:00:00,80.150002
751,2015-05-29 00:00:00,79.190002
752,2015-06-01 00:00:00,80.290001
753,2015-06-02 00:00:00,80.440002
754,2015-06-03 00:00:00,82.440002
755,2015-06-04 00:00:00,82.050003
756,2015-06-05 00:00:00,82.139999
757,2015-06-08 00:00:00,80.66999799999999
758,2015-06-09 00:00:00,80.66999799999999
759,2015-06-10 00:00:00,82.160004
760,2015-06-11 00:00:00,81.83000200000001
761,2015-06-12 00:00:00,81.529999
762,2015-06-15 00:00:00,80.709999
763,2015-06-16 00:00:00,81.059998
764,2015-06-17 00:00:00,81.790001
765,2015-06-18 00:00:00,82.910004
766,2015-06-19 00:00:00,82.510002
767,2015-06-22 00:00:00,84.739998
768,2015-06-23 00:00:00,87.879997
769,2015-06-24 00:00:00,88.860001
770,2015-06-25 00:00:00,87.980003
771,2015-06-26 00:00:00,88.010002
772,2015-06-29 00:00:00,85.800003
773,2015-06-30 00:00:00,85.769997
774,2015-07-01 00:00:00,86.910004
775,2015-07-02 00:00:00,87.290001
776,2015-07-06 00:00:00,87.550003
777,2015-07-07 00:00:00,87.220001
778,2015-07-08 00:00:00,85.650002
779,2015-07-09 00:00:00,85.879997
780,2015-07-10 00:00:00,87.949997
781,2015-07-13 00:00:00,90.099998
782,2015-07-14 00:00:00,89.68
783,2015-07-15 00:00:00,89.760002
784,2015-07-16 00:00:00,90.849998
785,2015-07-17 00:00:00,94.970001
786,2015-07-20 00:00:00,97.910004
787,2015-07-21 00:00:00,98.389999
788,2015-07-22 00:00:00,97.040001
789,2015-07-23 00:00:00,95.440002
790,2015-07-24 00:00:00,96.949997
791,2015-07-27 00:00:00,94.16999799999999
792,2015-07-28 00:00:00,95.290001
793,2015-07-29 00:00:00,96.989998
794,2015-07-30 00:00:00,95.209999
795,2015-07-31 00:00:00,94.010002
796,2015-08-03 00:00:00,94.139999
797,2015-08-04 00:00:00,94.059998
798,2015-08-05 00:00:00,96.440002
799,2015-08-06 00:00:00,95.120003
800,2015-08-07 00:00:00,94.300003
801,2015-08-10 00:00:00,94.150002
802,2015-08-11 00:00:00,93.620003
803,2015-08-12 00:00:00,94.190002
804,2015-08-13 00:00:00,93.43
805,2015-08-14 00:00:00,94.41999799999999
806,2015-08-17 00:00:00,93.93
807,2015-08-18 00:00:00,95.16999799999999
808,2015-08-19 00:00:00,95.309998
809,2015-08-20 00:00:00,90.559998
810,2015-08-21 00:00:00,86.059998
811,2015-08-24 00:00:00,82.089996
812,2015-08-25 00:00:00,83.0
813,2015-08-26 00:00:00,87.190002
814,2015-08-27 00:00:00,89.730003
815,2015-08-28 00:00:00,91.010002
816,2015-08-31 00:00:00,89.43
817,2015-09-01 00:00:00,87.230003
818,2015-09-02 00:00:00,89.889999
819,2015-09-03 00:00:00,88.150002
820,2015-09-04 00:00:00,88.260002
821,2015-09-08 00:00:00,89.529999
822,2015-09-09 00:00:00,90.440002
823,2015-09-10 00:00:00,91.980003
824,2015-09-11 00:00:00,92.050003
825,2015-09-14 00:00:00,92.309998
826,2015-09-15 00:00:00,92.900002
827,2015-09-16 00:00:00,93.449997
828,2015-09-17 00:00:00,94.339996
829,2015-09-18 00:00:00,94.400002
830,2015-09-21 00:00:00,95.550003
831,2015-09-22 00:00:00,92.959999
832,2015-09-23 00:00:00,93.970001
833,2015-09-24 00:00:00,94.410004
834,2015-09-25 00:00:00,92.769997
835,2015-09-28 00:00:00,89.209999
836,2015-09-29 00:00:00,86.66999799999999
837,2015-09-30 00:00:00,89.900002
838,2015-10-01 00:00:00,90.949997
839,2015-10-02 00:00:00,92.07
840,2015-10-05 00:00:00,94.010002
841,2015-10-06 00:00:00,92.800003
842,2015-10-07 00:00:00,92.400002
843,2015-10-08 00:00:00,92.470001
844,2015-10-09 00:00:00,93.239998
845,2015-10-12 00:00:00,94.260002
846,2015-10-13 00:00:00,94.120003
847,2015-10-14 00:00:00,94.07
848,2015-10-15 00:00:00,95.959999
849,2015-10-16 00:00:00,97.540001
850,2015-10-19 00:00:00,98.470001
851,2015-10-20 00:00:00,97.0
852,2015-10-21 00:00:00,97.110001
853,2015-10-22 00:00:00,99.66999799999999
854,2015-10-23 00:00:00,102.190002
855,2015-10-26 00:00:00,103.769997
856,2015-10-27 00:00:00,103.699997
857,2015-10-28 00:00:00,104.199997
858,2015-10-29 00:00:00,104.879997
859,2015-10-30 00:00:00,101.970001
860,2015-11-02 00:00:00,103.309998
861,2015-11-03 00:00:00,102.58000200000001
862,2015-11-04 00:00:00,103.940002
863,2015-11-05 00:00:00,108.760002
864,2015-11-06 00:00:00,107.099998
865,2015-11-09 00:00:00,106.489998
866,2015-11-10 00:00:00,107.910004
867,2015-11-11 00:00:00,109.010002
868,2015-11-12 00:00:00,108.019997
869,2015-11-13 00:00:00,103.949997
870,2015-11-16 00:00:00,104.040001
871,2015-11-17 00:00:00,105.129997
872,2015-11-18 00:00:00,107.769997
873,2015-11-19 00:00:00,106.260002
874,2015-11-20 00:00:00,107.32
875,2015-11-23 00:00:00,106.949997
876,2015-11-24 00:00:00,105.739998
877,2015-11-25 00:00:00,105.410004
878,2015-11-27 00:00:00,105.449997
879,2015-11-30 00:00:00,104.239998
880,2015-12-01 00:00:00,107.120003
881,2015-12-02 00:00:00,106.07
882,2015-12-03 00:00:00,104.379997
883,2015-12-04 00:00:00,106.18
884,2015-12-07 00:00:00,105.610001
885,2015-12-08 00:00:00,106.489998
886,2015-12-09 00:00:00,104.599998
887,2015-12-10 00:00:00,105.41999799999999
888,2015-12-11 00:00:00,102.120003
889,2015-12-14 00:00:00,104.660004
890,2015-12-15 00:00:00,104.550003
891,2015-12-16 00:00:00,106.790001
892,2015-12-17 00:00:00,106.220001
893,2015-12-18 00:00:00,104.040001
894,2015-12-21 00:00:00,104.769997
895,2015-12-22 00:00:00,105.510002
896,2015-12-23 00:00:00,104.629997
897,2015-12-24 00:00:00,105.019997
898,2015-12-28 00:00:00,105.93
899,2015-12-29 00:00:00,107.260002
900,2015-12-30 00:00:00,106.220001
901,2015-12-31 00:00:00,104.660004
902,2016-01-04 00:00:00,102.220001
903,2016-01-05 00:00:00,102.730003
904,2016-01-06 00:00:00,102.970001
905,2016-01-07 00:00:00,97.91999799999999
906,2016-01-08 00:00:00,97.33000200000001
907,2016-01-11 00:00:00,97.510002
908,2016-01-12 00:00:00,99.370003
909,2016-01-13 00:00:00,95.440002
910,2016-01-14 00:00:00,98.370003
911,2016-01-15 00:00:00,94.970001
912,2016-01-19 00:00:00,95.260002
913,2016-01-20 00:00:00,94.349998
914,2016-01-21 00:00:00,94.160004
915,2016-01-22 00:00:00,97.940002
916,2016-01-25 00:00:00,97.010002
917,2016-01-26 00:00:00,97.339996
918,2016-01-27 00:00:00,94.449997
919,2016-01-28 00:00:00,109.110001
920,2016-01-29 00:00:00,112.209999
921,2016-02-01 00:00:00,115.089996
922,2016-02-02 00:00:00,114.610001
923,2016-02-03 00:00:00,112.690002
924,2016-02-04 00:00:00,110.489998
925,2016-02-05 00:00:00,104.07
926,2016-02-08 00:00:00,99.75
927,2016-02-09 00:00:00,99.540001
928,2016-02-10 00:00:00,101.0
929,2016-02-11 00:00:00,101.910004
930,2016-02-12 00:00:00,102.010002
931,2016-02-16 00:00:00,101.610001
932,2016-02-17 00:00:00,105.199997
933,2016-02-18 00:00:00,103.470001
934,2016-02-19 00:00:00,104.57
935,2016-02-22 00:00:00,107.160004
936,2016-02-23 00:00:00,105.459999
937,2016-02-24 00:00:00,106.879997
938,2016-02-25 00:00:00,108.07
939,2016-02-26 00:00:00,107.91999799999999
940,2016-02-29 00:00:00,106.91999799999999
941,2016-03-01 00:00:00,109.82
942,2016-03-02 00:00:00,109.949997
943,2016-03-03 00:00:00,109.58000200000001
944,2016-03-04 00:00:00,108.389999
945,2016-03-07 00:00:00,105.730003
946,2016-03-08 00:00:00,105.93
947,2016-03-09 00:00:00,107.510002
948,2016-03-10 00:00:00,107.32
949,2016-03-11 00:00:00,109.410004
950,2016-03-14 00:00:00,109.889999
951,2016-03-15 00:00:00,110.66999799999999
952,2016-03-16 00:00:00,112.18
953,2016-03-17 00:00:00,111.019997
954,2016-03-18 00:00:00,111.449997
955,2016-03-21 00:00:00,111.849998
956,2016-03-22 00:00:00,112.25
957,2016-03-23 00:00:00,112.540001
958,2016-03-24 00:00:00,113.050003
959,2016-03-28 00:00:00,113.690002
960,2016-03-29 00:00:00,116.139999
961,2016-03-30 00:00:00,114.699997
962,2016-03-31 00:00:00,114.099998
963,2016-04-01 00:00:00,116.059998
964,2016-04-04 00:00:00,112.550003
965,2016-04-05 00:00:00,112.220001
966,2016-04-06 00:00:00,113.709999
967,2016-04-07 00:00:00,113.639999
968,2016-04-08 00:00:00,110.629997
969,2016-04-11 00:00:00,108.989998
970,2016-04-12 00:00:00,110.610001
971,2016-04-13 00:00:00,110.510002
972,2016-04-14 00:00:00,110.839996
973,2016-04-15 00:00:00,109.639999
974,2016-04-18 00:00:00,110.449997
975,2016-04-19 00:00:00,112.290001
976,2016-04-20 00:00:00,112.41999799999999
977,2016-04-21 00:00:00,113.440002
978,2016-04-22 00:00:00,110.559998
979,2016-04-25 00:00:00,110.099998
980,2016-04-26 00:00:00,108.760002
981,2016-04-27 00:00:00,108.889999
982,2016-04-28 00:00:00,116.730003
983,2016-04-29 00:00:00,117.58000200000001
984,2016-05-02 00:00:00,118.57
985,2016-05-03 00:00:00,117.43
986,2016-05-04 00:00:00,118.059998
987,2016-05-05 00:00:00,117.809998
988,2016-05-06 00:00:00,119.489998
989,2016-05-09 00:00:00,119.239998
990,2016-05-10 00:00:00,120.5
991,2016-05-11 00:00:00,119.519997
992,2016-05-12 00:00:00,120.279999
993,2016-05-13 00:00:00,119.809998
994,2016-05-16 00:00:00,118.66999799999999
995,2016-05-17 00:00:00,117.349998
996,2016-05-18 00:00:00,117.650002
997,2016-05-19 00:00:00,116.809998
998,2016-05-20 00:00:00,117.349998
999,2016-05-23 00:00:00,115.970001
1000,2016-05-24 00:00:00,117.699997
1001,2016-05-25 00:00:00,117.889999
1002,2016-05-26 00:00:00,119.470001
1003,2016-05-27 00:00:00,119.379997
1004,2016-05-31 00:00:00,118.809998
1005,2016-06-01 00:00:00,118.779999
1006,2016-06-02 00:00:00,118.93
1007,2016-06-03 00:00:00,118.470001
1008,2016-06-06 00:00:00,118.790001
1009,2016-06-07 00:00:00,117.760002
1010,2016-06-08 00:00:00,118.389999
1011,2016-06-09 00:00:00,118.559998
1012,2016-06-10 00:00:00,116.620003
1013,2016-06-13 00:00:00,113.949997
1014,2016-06-14 00:00:00,114.940002
1015,2016-06-15 00:00:00,114.599998
1016,2016-06-16 00:00:00,114.389999
1017,2016-06-17 00:00:00,113.019997
1018,2016-06-20 00:00:00,113.370003
1019,2016-06-21 00:00:00,114.379997
1020,2016-06-22 00:00:00,113.910004
1021,2016-06-23 00:00:00,115.08000200000001
1022,2016-06-24 00:00:00,112.08000200000001
1023,2016-06-27 00:00:00,108.970001
1024,2016-06-28 00:00:00,112.699997
1025,2016-06-29 00:00:00,114.160004
1026,2016-06-30 00:00:00,114.279999
1027,2016-07-01 00:00:00,114.190002
1028,2016-07-05 00:00:00,114.199997
1029,2016-07-06 00:00:00,116.699997
1030,2016-07-07 00:00:00,115.849998
1031,2016-07-08 00:00:00,117.239998
1032,2016-07-11 00:00:00,117.870003
1033,2016-07-12 00:00:00,117.93
1034,2016-07-13 00:00:00,116.779999
1035,2016-07-14 00:00:00,117.290001
1036,2016-07-15 00:00:00,116.860001
1037,2016-07-18 00:00:00,119.370003
1038,2016-07-19 00:00:00,120.610001
1039,2016-07-20 00:00:00,121.91999799999999
1040,2016-07-21 00:00:00,120.610001
1041,2016-07-22 00:00:00,121.0
1042,2016-07-25 00:00:00,121.629997
1043,2016-07-26 00:00:00,121.220001
1044,2016-07-27 00:00:00,123.339996
1045,2016-07-28 00:00:00,125.0
1046,2016-07-29 00:00:00,123.940002
1047,2016-08-01 00:00:00,124.309998
1048,2016-08-02 00:00:00,123.089996
1049,2016-08-03 00:00:00,122.510002
1050,2016-08-04 00:00:00,124.360001
1051,2016-08-05 00:00:00,125.150002
1052,2016-08-08 00:00:00,125.260002
1053,2016-08-09 00:00:00,125.059998
1054,2016-08-10 00:00:00,124.879997
1055,2016-08-11 00:00:00,124.900002
1056,2016-08-12 00:00:00,124.879997
1057,2016-08-15 00:00:00,123.900002
1058,2016-08-16 00:00:00,123.300003
1059,2016-08-17 00:00:00,124.370003
1060,2016-08-18 00:00:00,123.910004
1061,2016-08-19 00:00:00,123.559998
1062,2016-08-22 00:00:00,124.150002
1063,2016-08-23 00:00:00,124.370003
1064,2016-08-24 00:00:00,123.480003
1065,2016-08-25 00:00:00,123.889999
1066,2016-08-26 00:00:00,124.959999
1067,2016-08-29 00:00:00,126.540001
1068,2016-08-30 00:00:00,125.839996
1069,2016-08-31 00:00:00,126.120003
1070,2016-09-01 00:00:00,126.16999799999999
1071,2016-09-02 00:00:00,126.510002
1072,2016-09-06 00:00:00,129.729996
1073,2016-09-07 00:00:00,131.050003
1074,2016-09-08 00:00:00,130.270004
1075,2016-09-09 00:00:00,127.099998
1076,2016-09-12 00:00:00,128.690002
1077,2016-09-13 00:00:00,127.209999
1078,2016-09-14 00:00:00,127.769997
1079,2016-09-15 00:00:00,128.350006
1080,2016-09-16 00:00:00,129.070007
1081,2016-09-19 00:00:00,128.649994
1082,2016-09-20 00:00:00,128.639999
1083,2016-09-21 00:00:00,129.940002
1084,2016-09-22 00:00:00,130.080002
1085,2016-09-23 00:00:00,127.959999
1086,2016-09-26 00:00:00,127.309998
1087,2016-09-27 00:00:00,128.690002
1088,2016-09-28 00:00:00,129.229996
1089,2016-09-29 00:00:00,128.08999599999999
1090,2016-09-30 00:00:00,128.270004
1091,2016-10-03 00:00:00,128.770004
1092,2016-10-04 00:00:00,128.190002
1093,2016-10-05 00:00:00,128.470001
1094,2016-10-06 00:00:00,128.740005
1095,2016-10-07 00:00:00,128.990005
1096,2016-10-10 00:00:00,130.240005
1097,2016-10-11 00:00:00,128.880005
1098,2016-10-12 00:00:00,129.050003
1099,2016-10-13 00:00:00,127.82
1100,2016-10-14 00:00:00,127.879997
1101,2016-10-17 00:00:00,127.540001
1102,2016-10-18 00:00:00,128.570007
1103,2016-10-19 00:00:00,130.110001
1104,2016-10-20 00:00:00,130.0
1105,2016-10-21 00:00:00,132.070007
1106,2016-10-24 00:00:00,133.279999
1107,2016-10-25 00:00:00,132.28999299999998
1108,2016-10-26 00:00:00,131.03999299999998
1109,2016-10-27 00:00:00,129.690002
1110,2016-10-28 00:00:00,131.28999299999998
1111,2016-10-31 00:00:00,130.990005
1112,2016-11-01 00:00:00,129.5
1113,2016-11-02 00:00:00,127.16999799999999
1114,2016-11-03 00:00:00,120.0
1115,2016-11-04 00:00:00,120.75
1116,2016-11-07 00:00:00,122.150002
1117,2016-11-08 00:00:00,124.220001
1118,2016-11-09 00:00:00,123.18
1119,2016-11-10 00:00:00,120.800003
1120,2016-11-11 00:00:00,119.019997
1121,2016-11-14 00:00:00,115.08000200000001
1122,2016-11-15 00:00:00,117.199997
1123,2016-11-16 00:00:00,116.339996
1124,2016-11-17 00:00:00,117.790001
1125,2016-11-18 00:00:00,117.019997
1126,2016-11-21 00:00:00,121.769997
1127,2016-11-22 00:00:00,121.470001
1128,2016-11-23 00:00:00,120.839996
1129,2016-11-25 00:00:00,120.379997
1130,2016-11-28 00:00:00,120.410004
1131,2016-11-29 00:00:00,120.870003
1132,2016-11-30 00:00:00,118.41999799999999
1133,2016-12-01 00:00:00,115.099998
1134,2016-12-02 00:00:00,115.400002
1135,2016-12-05 00:00:00,117.43
1136,2016-12-06 00:00:00,117.309998
1137,2016-12-07 00:00:00,117.949997
1138,2016-12-08 00:00:00,118.910004
1139,2016-12-09 00:00:00,119.68
1140,2016-12-12 00:00:00,117.769997
1141,2016-12-13 00:00:00,120.309998
1142,2016-12-14 00:00:00,120.209999
1143,2016-12-15 00:00:00,120.57
1144,2016-12-16 00:00:00,119.870003
1145,2016-12-19 00:00:00,119.239998
1146,2016-12-20 00:00:00,119.089996
1147,2016-12-21 00:00:00,119.040001
1148,2016-12-22 00:00:00,117.400002
1149,2016-12-23 00:00:00,117.269997
1150,2016-12-27 00:00:00,118.010002
1151,2016-12-28 00:00:00,116.91999799999999
1152,2016-12-29 00:00:00,116.349998
1153,2016-12-30 00:00:00,115.050003
1154,2017-01-03 00:00:00,116.860001
1155,2017-01-04 00:00:00,118.690002
1156,2017-01-05 00:00:00,120.66999799999999
1157,2017-01-06 00:00:00,123.410004
1158,2017-01-09 00:00:00,124.900002
1159,2017-01-10 00:00:00,124.349998
1160,2017-01-11 00:00:00,126.089996
1161,2017-01-12 00:00:00,126.620003
1162,2017-01-13 00:00:00,128.33999599999999
1163,2017-01-17 00:00:00,127.870003
1164,2017-01-18 00:00:00,127.91999799999999
1165,2017-01-19 00:00:00,127.550003
1166,2017-01-20 00:00:00,127.040001
1167,2017-01-23 00:00:00,128.929993
1168,2017-01-24 00:00:00,129.369995
1169,2017-01-25 00:00:00,131.479996
1170,2017-01-26 00:00:00,132.779999
1171,2017-01-27 00:00:00,132.179993
1172,2017-01-30 00:00:00,130.979996
1173,2017-01-31 00:00:00,130.320007
1174,2017-02-01 00:00:00,133.229996
1175,2017-02-02 00:00:00,130.83999599999999
1176,2017-02-03 00:00:00,130.979996
1177,2017-02-06 00:00:00,132.059998
1178,2017-02-07 00:00:00,131.83999599999999
1179,2017-02-08 00:00:00,134.199997
1180,2017-02-09 00:00:00,134.139999
1181,2017-02-10 00:00:00,134.190002
1182,2017-02-13 00:00:00,134.050003
1183,2017-02-14 00:00:00,133.850006
1184,2017-02-15 00:00:00,133.440002
1185,2017-02-16 00:00:00,133.83999599999999
1186,2017-02-17 00:00:00,133.529999
1187,2017-02-21 00:00:00,133.720001
1188,2017-02-22 00:00:00,136.119995
1189,2017-02-23 00:00:00,135.360001
1190,2017-02-24 00:00:00,135.440002
1191,2017-02-27 00:00:00,136.41000400000001
1192,2017-02-28 00:00:00,135.53999299999998
1193,2017-03-01 00:00:00,137.419998
1194,2017-03-02 00:00:00,136.759995
1195,2017-03-03 00:00:00,137.169998
1196,2017-03-06 00:00:00,137.419998
1197,2017-03-07 00:00:00,137.300003
1198,2017-03-08 00:00:00,137.720001
1199,2017-03-09 00:00:00,138.240005
1200,2017-03-10 00:00:00,138.78999299999998
1201,2017-03-13 00:00:00,139.600006
1202,2017-03-14 00:00:00,139.320007
1203,2017-03-15 00:00:00,139.720001
1204,2017-03-16 00:00:00,139.990005
1205,2017-03-17 00:00:00,139.83999599999999
1206,2017-03-20 00:00:00,139.940002
1207,2017-03-21 00:00:00,138.509995
1208,2017-03-22 00:00:00,139.58999599999999
1209,2017-03-23 00:00:00,139.529999
1210,2017-03-24 00:00:00,140.33999599999999
1211,2017-03-27 00:00:00,140.320007
1212,2017-03-28 00:00:00,141.759995
1213,2017-03-29 00:00:00,142.649994
1214,2017-03-30 00:00:00,142.41000400000001
1215,2017-03-31 00:00:00,142.050003
1216,2017-04-03 00:00:00,142.279999
1217,2017-04-04 00:00:00,141.729996
1218,2017-04-05 00:00:00,141.850006
1219,2017-04-06 00:00:00,141.169998
1220,2017-04-07 00:00:00,140.779999
1221,2017-04-10 00:00:00,141.03999299999998
1222,2017-04-11 00:00:00,139.919998
1223,2017-04-12 00:00:00,139.580002
1224,2017-04-13 00:00:00,139.389999
1225,2017-04-17 00:00:00,141.419998
1226,2017-04-18 00:00:00,140.96000700000002
1227,2017-04-19 00:00:00,142.270004
1228,2017-04-20 00:00:00,143.800003
1229,2017-04-21 00:00:00,143.679993
1230,2017-04-24 00:00:00,145.470001
1231,2017-04-25 00:00:00,146.490005
1232,2017-04-26 00:00:00,146.559998
1233,2017-04-27 00:00:00,147.699997
1234,2017-04-28 00:00:00,150.25
1235,2017-05-01 00:00:00,152.46000700000002
1236,2017-05-02 00:00:00,152.779999
1237,2017-05-03 00:00:00,151.800003
1238,2017-05-04 00:00:00,150.850006
1239,2017-05-05 00:00:00,150.240005
1240,2017-05-08 00:00:00,151.059998
1241,2017-05-09 00:00:00,150.479996
1242,2017-05-10 00:00:00,150.28999299999998
1243,2017-05-11 00:00:00,150.03999299999998
1244,2017-05-12 00:00:00,150.330002
1245,2017-05-15 00:00:00,150.190002
1246,2017-05-16 00:00:00,149.779999
1247,2017-05-17 00:00:00,144.850006
1248,2017-05-18 00:00:00,147.66000400000001
1249,2017-05-19 00:00:00,148.059998
1250,2017-05-22 00:00:00,148.240005
1251,2017-05-23 00:00:00,148.070007
1252,2017-05-24 00:00:00,150.03999299999998
1253,2017-05-25 00:00:00,151.96000700000002
1254,2017-05-26 00:00:00,152.130005
1255,2017-05-30 00:00:00,152.380005
1256,2017-05-31 00:00:00,151.46000700000002
1257,2017-06-01 00:00:00,151.529999
1258,2017-06-02 00:00:00,153.610001
1259,2017-06-05 00:00:00,153.630005
1260,2017-06-06 00:00:00,152.809998
1261,2017-06-07 00:00:00,153.119995
1262,2017-06-08 00:00:00,154.71000700000002
1263,2017-06-09 00:00:00,149.600006
1264,2017-06-12 00:00:00,148.440002
1265,2017-06-13 00:00:00,150.679993
1266,2017-06-14 00:00:00,150.25
1267,2017-06-15 00:00:00,149.800003
1268,2017-06-16 00:00:00,150.639999
1269,2017-06-19 00:00:00,152.869995
1270,2017-06-20 00:00:00,152.25
1271,2017-06-21 00:00:00,153.91000400000001
1272,2017-06-22 00:00:00,153.399994
1273,2017-06-23 00:00:00,155.070007
1274,2017-06-26 00:00:00,153.58999599999999
1275,2017-06-27 00:00:00,150.580002
1276,2017-06-28 00:00:00,153.240005
1277,2017-06-29 00:00:00,151.03999299999998
1278,2017-06-30 00:00:00,150.979996
1279,2017-07-03 00:00:00,148.429993
1280,2017-07-05 00:00:00,150.33999599999999
1281,2017-07-06 00:00:00,148.820007
1282,2017-07-07 00:00:00,151.440002
1283,2017-07-10 00:00:00,153.5
1284,2017-07-11 00:00:00,155.270004
1285,2017-07-12 00:00:00,158.899994
1286,2017-07-13 00:00:00,159.259995
1287,2017-07-14 00:00:00,159.970001
1288,2017-07-17 00:00:00,159.729996
1289,2017-07-18 00:00:00,162.860001
1290,2017-07-19 00:00:00,164.139999
1291,2017-07-20 00:00:00,164.529999
1292,2017-07-21 00:00:00,164.429993
1293,2017-07-24 00:00:00,166.0
1294,2017-07-25 00:00:00,165.279999
1295,2017-07-26 00:00:00,165.610001
1296,2017-07-27 00:00:00,170.440002
1297,2017-07-28 00:00:00,172.449997
1298,2017-07-31 00:00:00,169.25
1299,2017-08-01 00:00:00,169.860001
1300,2017-08-02 00:00:00,169.300003
1301,2017-08-03 00:00:00,168.58999599999999
1302,2017-08-04 00:00:00,169.619995
1303,2017-08-07 00:00:00,171.979996
1304,2017-08-08 00:00:00,171.229996
1305,2017-08-09 00:00:00,171.179993
1306,2017-08-10 00:00:00,167.399994
1307,2017-08-11 00:00:00,168.080002
1308,2017-08-14 00:00:00,170.75
1309,2017-08-15 00:00:00,171.0
1310,2017-08-16 00:00:00,170.0
1311,2017-08-17 00:00:00,166.91000400000001
1312,2017-08-18 00:00:00,167.41000400000001
1313,2017-08-21 00:00:00,167.779999
1314,2017-08-22 00:00:00,169.639999
1315,2017-08-23 00:00:00,168.71000700000002
1316,2017-08-24 00:00:00,167.740005
1317,2017-08-25 00:00:00,166.320007
1318,2017-08-28 00:00:00,167.240005
1319,2017-08-29 00:00:00,168.050003
1320,2017-08-30 00:00:00,169.919998
1321,2017-08-31 00:00:00,171.970001
1322,2017-09-01 00:00:00,172.020004
1323,2017-09-05 00:00:00,170.720001
1324,2017-09-06 00:00:00,172.08999599999999
1325,2017-09-07 00:00:00,173.21000700000002
1326,2017-09-08 00:00:00,170.949997
1327,2017-09-11 00:00:00,173.509995
1328,2017-09-12 00:00:00,172.96000700000002
1329,2017-09-13 00:00:00,173.050003
1330,2017-09-14 00:00:00,170.96000700000002
1331,2017-09-15 00:00:00,171.639999
1332,2017-09-18 00:00:00,170.009995
1333,2017-09-19 00:00:00,172.520004
1334,2017-09-20 00:00:00,172.169998
1335,2017-09-21 00:00:00,171.110001
1336,2017-09-22 00:00:00,170.53999299999998
1337,2017-09-25 00:00:00,162.869995
1338,2017-09-26 00:00:00,164.21000700000002
1339,2017-09-27 00:00:00,167.679993
1340,2017-09-28 00:00:00,168.729996
1341,2017-09-29 00:00:00,170.869995
1342,2017-10-02 00:00:00,169.470001
1343,2017-10-03 00:00:00,169.96000700000002
1344,2017-10-04 00:00:00,168.419998
1345,2017-10-05 00:00:00,171.240005
1346,2017-10-06 00:00:00,172.229996
1347,2017-10-09 00:00:00,172.5
1348,2017-10-10 00:00:00,171.58999599999999
1349,2017-10-11 00:00:00,172.740005
1350,2017-10-12 00:00:00,172.550003
1351,2017-10-13 00:00:00,173.740005
1352,2017-10-16 00:00:00,174.520004
1353,2017-10-17 00:00:00,176.110001
1354,2017-10-18 00:00:00,176.029999
1355,2017-10-19 00:00:00,174.559998
1356,2017-10-20 00:00:00,174.979996
1357,2017-10-23 00:00:00,171.270004
1358,2017-10-24 00:00:00,171.800003
1359,2017-10-25 00:00:00,170.600006
1360,2017-10-26 00:00:00,170.630005
1361,2017-10-27 00:00:00,177.880005
1362,2017-10-30 00:00:00,179.869995
1363,2017-10-31 00:00:00,180.059998
1364,2017-11-01 00:00:00,182.66000400000001
1365,2017-11-02 00:00:00,178.919998
1366,2017-11-03 00:00:00,178.919998
1367,2017-11-06 00:00:00,180.169998
1368,2017-11-07 00:00:00,180.25
1369,2017-11-08 00:00:00,179.559998
1370,2017-11-09 00:00:00,179.300003
1371,2017-11-10 00:00:00,178.46000700000002
1372,2017-11-13 00:00:00,178.770004
1373,2017-11-14 00:00:00,178.070007
1374,2017-11-15 00:00:00,177.949997
1375,2017-11-16 00:00:00,179.58999599999999
1376,2017-11-17 00:00:00,179.0
1377,2017-11-20 00:00:00,178.740005
1378,2017-11-21 00:00:00,181.860001
1379,2017-11-22 00:00:00,180.869995
1380,2017-11-24 00:00:00,182.779999
1381,2017-11-27 00:00:00,183.029999
1382,2017-11-28 00:00:00,182.419998
1383,2017-11-29 00:00:00,175.130005
1384,2017-11-30 00:00:00,177.179993
1385,2017-12-01 00:00:00,175.100006
1386,2017-12-04 00:00:00,171.470001
1387,2017-12-05 00:00:00,172.830002
1388,2017-12-06 00:00:00,176.059998
1389,2017-12-07 00:00:00,180.139999
1390,2017-12-08 00:00:00,179.0
1391,2017-12-11 00:00:00,179.03999299999998
1392,2017-12-12 00:00:00,176.96000700000002
1393,2017-12-13 00:00:00,178.300003
1394,2017-12-14 00:00:00,178.389999
1395,2017-12-15 00:00:00,180.179993
1396,2017-12-18 00:00:00,180.820007
1397,2017-12-19 00:00:00,179.509995
1398,2017-12-20 00:00:00,177.889999
1399,2017-12-21 00:00:00,177.449997
1400,2017-12-22 00:00:00,177.199997
1401,2017-12-26 00:00:00,175.990005
1402,2017-12-27 00:00:00,177.619995
1403,2017-12-28 00:00:00,177.919998
1404,2017-12-29 00:00:00,176.46000700000002
1405,2018-01-02 00:00:00,181.419998
1406,2018-01-03 00:00:00,184.669998
1407,2018-01-04 00:00:00,184.330002
1408,2018-01-05 00:00:00,186.850006
1409,2018-01-08 00:00:00,188.279999
1410,2018-01-09 00:00:00,187.869995
1411,2018-01-10 00:00:00,187.83999599999999
1412,2018-01-11 00:00:00,187.770004
1413,2018-01-12 00:00:00,179.369995
1414,2018-01-16 00:00:00,178.389999
1415,2018-01-17 00:00:00,177.600006
1416,2018-01-18 00:00:00,179.800003
1417,2018-01-19 00:00:00,181.28999299999998
1418,2018-01-22 00:00:00,185.369995
1419,2018-01-23 00:00:00,189.350006
1420,2018-01-24 00:00:00,186.550003
1421,2018-01-25 00:00:00,187.479996
1422,2018-01-26 00:00:00,190.0
1423,2018-01-29 00:00:00,185.979996
1424,2018-01-30 00:00:00,187.119995
1425,2018-01-31 00:00:00,186.889999
1426,2018-02-01 00:00:00,193.08999599999999
1427,2018-02-02 00:00:00,190.279999
1428,2018-02-05 00:00:00,181.259995
1429,2018-02-06 00:00:00,185.309998
1430,2018-02-07 00:00:00,180.179993
1431,2018-02-08 00:00:00,171.580002
1432,2018-02-09 00:00:00,176.110001
1433,2018-02-12 00:00:00,176.41000400000001
1434,2018-02-13 00:00:00,173.149994
1435,2018-02-14 00:00:00,179.520004
1436,2018-02-15 00:00:00,179.96000700000002
1437,2018-02-16 00:00:00,177.360001
1438,2018-02-20 00:00:00,176.009995
1439,2018-02-21 00:00:00,177.91000400000001
1440,2018-02-22 00:00:00,178.990005
1441,2018-02-23 00:00:00,183.28999299999998
1442,2018-02-26 00:00:00,184.929993
1443,2018-02-27 00:00:00,181.46000700000002
1444,2018-02-28 00:00:00,178.320007
1445,2018-03-01 00:00:00,175.940002
1446,2018-03-02 00:00:00,176.619995
1447,2018-03-05 00:00:00,180.399994
1448,2018-03-06 00:00:00,179.779999
1449,2018-03-07 00:00:00,183.71000700000002
1450,2018-03-08 00:00:00,182.33999599999999
1451,2018-03-09 00:00:00,185.229996
1452,2018-03-12 00:00:00,184.759995
1453,2018-03-13 00:00:00,181.880005
1454,2018-03-14 00:00:00,184.190002
1455,2018-03-15 00:00:00,183.860001
1456,2018-03-16 00:00:00,185.08999599999999
1457,2018-03-19 00:00:00,172.559998
1458,2018-03-20 00:00:00,168.149994
1459,2018-03-21 00:00:00,169.389999
1460,2018-03-22 00:00:00,164.889999
1461,2018-03-23 00:00:00,159.389999
1462,2018-03-26 00:00:00,160.059998
1463,2018-03-27 00:00:00,152.220001
1464,2018-03-28 00:00:00,153.029999
1465,2018-03-29 00:00:00,159.78999299999998
1466,2018-04-02 00:00:00,155.389999
1467,2018-04-03 00:00:00,156.110001
1468,2018-04-04 00:00:00,155.100006
1469,2018-04-05 00:00:00,159.33999599999999
1470,2018-04-06 00:00:00,157.199997
1471,2018-04-09 00:00:00,157.929993
1472,2018-04-10 00:00:00,165.03999299999998
1473,2018-04-11 00:00:00,166.320007
1474,2018-04-12 00:00:00,163.869995
1475,2018-04-13 00:00:00,164.520004
1476,2018-04-16 00:00:00,164.830002
1477,2018-04-17 00:00:00,168.66000400000001
1478,2018-04-18 00:00:00,166.360001
1479,2018-04-19 00:00:00,168.100006
1480,2018-04-20 00:00:00,166.279999
1481,2018-04-23 00:00:00,165.83999599999999
1482,2018-04-24 00:00:00,159.690002
1483,2018-04-25 00:00:00,159.690002
1484,2018-04-26 00:00:00,174.16000400000001
1485,2018-04-27 00:00:00,173.58999599999999
1486,2018-04-30 00:00:00,172.0
1487,2018-05-01 00:00:00,173.860001
1488,2018-05-02 00:00:00,176.070007
1489,2018-05-03 00:00:00,174.020004
1490,2018-05-04 00:00:00,176.610001
1491,2018-05-07 00:00:00,177.970001
1492,2018-05-08 00:00:00,178.919998
1493,2018-05-09 00:00:00,182.66000400000001
1494,2018-05-10 00:00:00,185.529999
1495,2018-05-11 00:00:00,186.990005
1496,2018-05-14 00:00:00,186.639999
1497,2018-05-15 00:00:00,184.320007
1498,2018-05-16 00:00:00,183.199997
1499,2018-05-17 00:00:00,183.759995
1500,2018-05-18 00:00:00,182.679993
1501,2018-05-21 00:00:00,184.490005
1502,2018-05-22 00:00:00,183.800003
1503,2018-05-23 00:00:00,186.899994
1504,2018-05-24 00:00:00,185.929993
1505,2018-05-25 00:00:00,184.919998
1506,2018-05-29 00:00:00,185.740005
1507,2018-05-30 00:00:00,187.669998
1508,2018-05-31 00:00:00,191.779999
1509,2018-06-01 00:00:00,193.990005
1510,2018-06-04 00:00:00,193.279999
1511,2018-06-05 00:00:00,192.940002
1512,2018-06-06 00:00:00,191.33999599999999
1513,2018-06-07 00:00:00,188.179993
1514,2018-06-08 00:00:00,189.100006
1515,2018-06-11 00:00:00,191.53999299999998
1516,2018-06-12 00:00:00,192.399994
1517,2018-06-13 00:00:00,192.41000400000001
1518,2018-06-14 00:00:00,196.809998
1519,2018-06-15 00:00:00,195.850006
1520,2018-06-18 00:00:00,198.309998
1521,2018-06-19 00:00:00,197.490005
1522,2018-06-20 00:00:00,202.0
1523,2018-06-21 00:00:00,201.5
1524,2018-06-22 00:00:00,201.740005
1525,2018-06-25 00:00:00,196.350006
1526,2018-06-26 00:00:00,199.0
1527,2018-06-27 00:00:00,195.83999599999999
1528,2018-06-28 00:00:00,196.229996
1529,2018-06-29 00:00:00,194.320007
1530,2018-07-02 00:00:00,197.360001
1531,2018-07-03 00:00:00,192.729996
1532,2018-07-05 00:00:00,198.449997
1533,2018-07-06 00:00:00,203.229996
1534,2018-07-09 00:00:00,204.740005
1535,2018-07-10 00:00:00,203.53999299999998
1536,2018-07-11 00:00:00,202.53999299999998
1537,2018-07-12 00:00:00,206.919998
1538,2018-07-13 00:00:00,207.320007
1539,2018-07-16 00:00:00,207.229996
1540,2018-07-17 00:00:00,209.99000499999997
1541,2018-07-18 00:00:00,209.360001
1542,2018-07-19 00:00:00,208.08999599999999
1543,2018-07-20 00:00:00,209.940002
1544,2018-07-23 00:00:00,210.91000400000001
1545,2018-07-24 00:00:00,214.669998
1546,2018-07-25 00:00:00,217.5
1547,2018-07-26 00:00:00,176.259995
1548,2018-07-27 00:00:00,174.889999
1549,2018-07-30 00:00:00,171.059998
1550,2018-07-31 00:00:00,172.580002
1551,2018-08-01 00:00:00,171.649994
1552,2018-08-02 00:00:00,176.369995
1553,2018-08-03 00:00:00,177.779999
1554,2018-08-06 00:00:00,185.690002
1555,2018-08-07 00:00:00,183.809998
1556,2018-08-08 00:00:00,185.179993
1557,2018-08-09 00:00:00,183.08999599999999
1558,2018-08-10 00:00:00,180.259995
1559,2018-08-13 00:00:00,180.050003
1560,2018-08-14 00:00:00,181.110001
1561,2018-08-15 00:00:00,179.529999
1562,2018-08-16 00:00:00,174.699997
1563,2018-08-17 00:00:00,173.800003
1564,2018-08-20 00:00:00,172.5
1565,2018-08-21 00:00:00,172.619995
1566,2018-08-22 00:00:00,173.639999
1567,2018-08-23 00:00:00,172.899994
1568,2018-08-24 00:00:00,174.649994
1569,2018-08-27 00:00:00,177.46000700000002
1570,2018-08-28 00:00:00,176.259995
1571,2018-08-29 00:00:00,175.899994
1572,2018-08-30 00:00:00,177.639999
1573,2018-08-31 00:00:00,175.729996
1574,2018-09-04 00:00:00,171.16000400000001
1575,2018-09-05 00:00:00,167.179993
1576,2018-09-06 00:00:00,162.529999
1577,2018-09-07 00:00:00,163.03999299999998
1578,2018-09-10 00:00:00,164.179993
1579,2018-09-11 00:00:00,165.940002
1580,2018-09-12 00:00:00,162.0
1581,2018-09-13 00:00:00,161.360001
1582,2018-09-14 00:00:00,162.320007
1583,2018-09-17 00:00:00,160.580002
1584,2018-09-18 00:00:00,160.300003
1585,2018-09-19 00:00:00,163.059998
1586,2018-09-20 00:00:00,166.020004
1587,2018-09-21 00:00:00,162.929993
1588,2018-09-24 00:00:00,165.41000400000001
1589,2018-09-25 00:00:00,164.91000400000001
1590,2018-09-26 00:00:00,166.949997
1591,2018-09-27 00:00:00,168.83999599999999
1592,2018-09-28 00:00:00,164.46000700000002
1593,2018-10-01 00:00:00,162.440002
1594,2018-10-02 00:00:00,159.330002
1595,2018-10-03 00:00:00,162.429993
1596,2018-10-04 00:00:00,158.850006
1597,2018-10-05 00:00:00,157.330002
1598,2018-10-08 00:00:00,157.25
1599,2018-10-09 00:00:00,157.899994
1600,2018-10-10 00:00:00,151.380005
1601,2018-10-11 00:00:00,153.350006
1602,2018-10-12 00:00:00,153.740005
1603,2018-10-15 00:00:00,153.520004
1604,2018-10-16 00:00:00,158.779999
1605,2018-10-17 00:00:00,159.419998
1606,2018-10-18 00:00:00,154.919998
1607,2018-10-19 00:00:00,154.050003
1608,2018-10-22 00:00:00,154.779999
1609,2018-10-23 00:00:00,154.389999
1610,2018-10-24 00:00:00,146.03999299999998
1611,2018-10-25 00:00:00,150.949997
1612,2018-10-26 00:00:00,145.369995
1613,2018-10-29 00:00:00,142.08999599999999
1614,2018-10-30 00:00:00,146.220001
1615,2018-10-31 00:00:00,151.78999299999998
1616,2018-11-01 00:00:00,151.75
1617,2018-11-02 00:00:00,150.350006
1618,2018-11-05 00:00:00,148.679993
1619,2018-11-06 00:00:00,149.940002
1620,2018-11-07 00:00:00,151.529999
1621,2018-11-08 00:00:00,147.869995
1622,2018-11-09 00:00:00,144.96000700000002
1623,2018-11-12 00:00:00,141.550003
1624,2018-11-13 00:00:00,142.16000400000001
1625,2018-11-14 00:00:00,144.220001
1626,2018-11-15 00:00:00,143.850006
1627,2018-11-16 00:00:00,139.529999
1628,2018-11-19 00:00:00,131.550003
1629,2018-11-20 00:00:00,132.429993
1630,2018-11-21 00:00:00,134.820007
1631,2018-11-23 00:00:00,131.729996
1632,2018-11-26 00:00:00,136.380005
1633,2018-11-27 00:00:00,135.0
1634,2018-11-28 00:00:00,136.759995
1635,2018-11-29 00:00:00,138.679993
1636,2018-11-30 00:00:00,140.610001
1637,2018-12-03 00:00:00,141.08999599999999
1638,2018-12-04 00:00:00,137.929993
1639,2018-12-06 00:00:00,139.630005
1640,2018-12-07 00:00:00,137.419998
1641,2018-12-10 00:00:00,141.850006
1642,2018-12-11 00:00:00,142.080002
1643,2018-12-12 00:00:00,144.5
1644,2018-12-13 00:00:00,145.009995
1645,2018-12-14 00:00:00,144.059998
1646,2018-12-17 00:00:00,140.190002
1647,2018-12-18 00:00:00,143.66000400000001
1648,2018-12-19 00:00:00,133.240005
1649,2018-12-20 00:00:00,133.399994
1650,2018-12-21 00:00:00,124.949997
1651,2018-12-24 00:00:00,124.059998
1652,2018-12-26 00:00:00,134.179993
1653,2018-12-27 00:00:00,134.520004
1654,2018-12-28 00:00:00,133.199997
1655,2018-12-31 00:00:00,131.08999599999999
1656,2019-01-02 00:00:00,135.679993
1657,2019-01-03 00:00:00,131.740005
1658,2019-01-04 00:00:00,137.949997
1659,2019-01-07 00:00:00,138.050003
1660,2019-01-08 00:00:00,142.529999
1661,2019-01-09 00:00:00,144.229996
1662,2019-01-10 00:00:00,144.199997
1663,2019-01-11 00:00:00,143.800003
1664,2019-01-14 00:00:00,145.389999
1665,2019-01-15 00:00:00,148.949997
1666,2019-01-16 00:00:00,147.53999299999998
1667,2019-01-17 00:00:00,148.300003
1668,2019-01-18 00:00:00,150.03999299999998
1669,2019-01-22 00:00:00,147.570007
1670,2019-01-23 00:00:00,144.300003
1671,2019-01-24 00:00:00,145.830002
1672,2019-01-25 00:00:00,149.009995
1673,2019-01-28 00:00:00,147.470001
1674,2019-01-29 00:00:00,144.190002
1675,2019-01-30 00:00:00,150.419998
1676,2019-01-31 00:00:00,166.690002
1677,2019-02-01 00:00:00,165.71000700000002
1678,2019-02-04 00:00:00,169.25
1679,2019-02-05 00:00:00,171.16000400000001
1680,2019-02-06 00:00:00,170.490005
1681,2019-02-07 00:00:00,166.380005
1682,2019-02-08 00:00:00,167.330002
1683,2019-02-11 00:00:00,165.78999299999998
1684,2019-02-12 00:00:00,165.03999299999998
1685,2019-02-13 00:00:00,164.070007
1686,2019-02-14 00:00:00,163.949997
1687,2019-02-15 00:00:00,162.5
1688,2019-02-19 00:00:00,162.28999299999998
1689,2019-02-20 00:00:00,162.559998
1690,2019-02-21 00:00:00,160.03999299999998
1691,2019-02-22 00:00:00,161.889999
1692,2019-02-25 00:00:00,164.619995
1693,2019-02-26 00:00:00,164.130005
1694,2019-02-27 00:00:00,162.809998
1695,2019-02-28 00:00:00,161.449997
1696,2019-03-01 00:00:00,162.279999
1697,2019-03-04 00:00:00,167.369995
1698,2019-03-05 00:00:00,171.259995
1699,2019-03-06 00:00:00,172.509995
1700,2019-03-07 00:00:00,169.130005
1701,2019-03-08 00:00:00,169.600006
1702,2019-03-11 00:00:00,172.070007
1703,2019-03-12 00:00:00,171.919998
1704,2019-03-13 00:00:00,173.369995
1705,2019-03-14 00:00:00,170.169998
1706,2019-03-15 00:00:00,165.979996
1707,2019-03-18 00:00:00,160.470001
1708,2019-03-19 00:00:00,161.570007
1709,2019-03-20 00:00:00,165.440002
1710,2019-03-21 00:00:00,166.080002
1711,2019-03-22 00:00:00,164.33999599999999
1712,2019-03-25 00:00:00,166.28999299999998
1713,2019-03-26 00:00:00,167.679993
1714,2019-03-27 00:00:00,165.869995
1715,2019-03-28 00:00:00,165.550003
1716,2019-03-29 00:00:00,166.690002
1717,2019-04-01 00:00:00,168.699997
1718,2019-04-02 00:00:00,174.199997
1719,2019-04-03 00:00:00,173.53999299999998
1720,2019-04-04 00:00:00,176.020004
1721,2019-04-05 00:00:00,175.720001
1722,2019-04-08 00:00:00,174.929993
1723,2019-04-09 00:00:00,177.580002
1724,2019-04-10 00:00:00,177.820007
1725,2019-04-11 00:00:00,177.509995
1726,2019-04-12 00:00:00,179.100006
1727,2019-04-15 00:00:00,179.649994
1728,2019-04-16 00:00:00,178.869995
1729,2019-04-17 00:00:00,178.779999
1730,2019-04-18 00:00:00,178.279999
1731,2019-04-22 00:00:00,181.440002
1732,2019-04-23 00:00:00,183.779999
1733,2019-04-24 00:00:00,182.580002
1734,2019-04-25 00:00:00,193.259995
1735,2019-04-26 00:00:00,191.490005
1736,2019-04-29 00:00:00,194.779999
1737,2019-04-30 00:00:00,193.399994
1738,2019-05-01 00:00:00,193.029999
1739,2019-05-02 00:00:00,192.529999
1740,2019-05-03 00:00:00,195.470001
1741,2019-05-06 00:00:00,193.880005
1742,2019-05-07 00:00:00,189.770004
1743,2019-05-08 00:00:00,189.53999299999998
1744,2019-05-09 00:00:00,188.649994
1745,2019-05-10 00:00:00,188.33999599999999
1746,2019-05-13 00:00:00,181.53999299999998
1747,2019-05-14 00:00:00,180.729996
1748,2019-05-15 00:00:00,186.270004
1749,2019-05-16 00:00:00,186.990005
1750,2019-05-17 00:00:00,185.300003
1751,2019-05-20 00:00:00,182.720001
1752,2019-05-21 00:00:00,184.820007
1753,2019-05-22 00:00:00,185.320007
1754,2019-05-23 00:00:00,180.869995
1755,2019-05-24 00:00:00,181.059998
1756,2019-05-28 00:00:00,184.309998
1757,2019-05-29 00:00:00,182.190002
1758,2019-05-30 00:00:00,183.009995
1759,2019-05-31 00:00:00,177.470001
1760,2019-06-03 00:00:00,164.149994
1761,2019-06-04 00:00:00,167.5
1762,2019-06-05 00:00:00,168.169998
1763,2019-06-06 00:00:00,168.330002
1764,2019-06-07 00:00:00,173.350006
1765,2019-06-10 00:00:00,174.820007
1766,2019-06-11 00:00:00,178.100006
1767,2019-06-12 00:00:00,175.03999299999998
1768,2019-06-13 00:00:00,177.470001
1769,2019-06-14 00:00:00,181.330002
1770,2019-06-17 00:00:00,189.009995
1771,2019-06-18 00:00:00,188.470001
1772,2019-06-19 00:00:00,187.479996
1773,2019-06-20 00:00:00,189.529999
1774,2019-06-21 00:00:00,191.139999
1775,2019-06-24 00:00:00,192.600006
1776,2019-06-25 00:00:00,188.83999599999999
1777,2019-06-26 00:00:00,187.66000400000001
1778,2019-06-27 00:00:00,189.5
1779,2019-06-28 00:00:00,193.0
1780,2019-07-01 00:00:00,193.0
1781,2019-07-02 00:00:00,195.0
1782,2019-07-03 00:00:00,197.199997
1783,2019-07-05 00:00:00,196.399994
1784,2019-07-08 00:00:00,195.759995
1785,2019-07-09 00:00:00,199.21000700000002
1786,2019-07-10 00:00:00,202.729996
1787,2019-07-11 00:00:00,201.229996
1788,2019-07-12 00:00:00,204.869995
1789,2019-07-15 00:00:00,203.91000400000001
1790,2019-07-16 00:00:00,203.83999599999999
1791,2019-07-17 00:00:00,201.800003
1792,2019-07-18 00:00:00,200.779999
1793,2019-07-19 00:00:00,198.360001
1794,2019-07-22 00:00:00,202.320007
1795,2019-07-23 00:00:00,202.360001
1796,2019-07-24 00:00:00,204.66000400000001
1797,2019-07-25 00:00:00,200.71000700000002
1798,2019-07-26 00:00:00,199.75
1799,2019-07-29 00:00:00,195.940002
1800,2019-07-30 00:00:00,197.03999299999998
1801,2019-07-31 00:00:00,194.229996
1802,2019-08-01 00:00:00,192.729996
1803,2019-08-02 00:00:00,189.020004
1804,2019-08-05 00:00:00,181.729996
1805,2019-08-06 00:00:00,184.509995
1806,2019-08-07 00:00:00,185.149994
1807,2019-08-08 00:00:00,190.16000400000001
1808,2019-08-09 00:00:00,187.850006
1809,2019-08-12 00:00:00,185.369995
1810,2019-08-13 00:00:00,188.449997
1811,2019-08-14 00:00:00,179.71000700000002
1812,2019-08-15 00:00:00,182.58999599999999
1813,2019-08-16 00:00:00,183.699997
1814,2019-08-19 00:00:00,186.169998
1815,2019-08-20 00:00:00,183.809998
1816,2019-08-21 00:00:00,183.550003
1817,2019-08-22 00:00:00,182.03999299999998
1818,2019-08-23 00:00:00,177.75
1819,2019-08-26 00:00:00,180.360001
1820,2019-08-27 00:00:00,181.300003
1821,2019-08-28 00:00:00,181.759995
1822,2019-08-29 00:00:00,185.570007
1823,2019-08-30 00:00:00,185.669998
1824,2019-09-03 00:00:00,182.389999
1825,2019-09-04 00:00:00,187.139999
1826,2019-09-05 00:00:00,190.899994
1827,2019-09-06 00:00:00,187.490005
1828,2019-09-09 00:00:00,188.759995
1829,2019-09-10 00:00:00,186.169998
1830,2019-09-11 00:00:00,188.490005
1831,2019-09-12 00:00:00,187.470001
1832,2019-09-13 00:00:00,187.190002
1833,2019-09-16 00:00:00,186.220001
1834,2019-09-17 00:00:00,188.080002
1835,2019-09-18 00:00:00,188.139999
1836,2019-09-19 00:00:00,190.139999
1837,2019-09-20 00:00:00,189.929993
1838,2019-09-23 00:00:00,186.820007
1839,2019-09-24 00:00:00,181.279999
1840,2019-09-25 00:00:00,182.800003
1841,2019-09-26 00:00:00,180.110001
1842,2019-09-27 00:00:00,177.100006
1843,2019-09-30 00:00:00,178.080002
1844,2019-10-01 00:00:00,175.809998
1845,2019-10-02 00:00:00,174.600006
1846,2019-10-03 00:00:00,179.380005
1847,2019-10-04 00:00:00,180.449997
1848,2019-10-07 00:00:00,179.679993
1849,2019-10-08 00:00:00,177.75
1850,2019-10-09 00:00:00,179.850006
1851,2019-10-10 00:00:00,180.029999
1852,2019-10-11 00:00:00,184.190002
1853,2019-10-14 00:00:00,183.279999
1854,2019-10-15 00:00:00,188.889999
1855,2019-10-16 00:00:00,189.550003
1856,2019-10-17 00:00:00,190.389999
1857,2019-10-18 00:00:00,185.850006
1858,2019-10-21 00:00:00,189.759995
1859,2019-10-22 00:00:00,182.33999599999999
1860,2019-10-23 00:00:00,186.149994
1861,2019-10-24 00:00:00,186.380005
1862,2019-10-25 00:00:00,187.889999
1863,2019-10-28 00:00:00,189.399994
1864,2019-10-29 00:00:00,189.309998
1865,2019-10-30 00:00:00,188.25
1866,2019-10-31 00:00:00,191.649994
1867,2019-11-01 00:00:00,193.619995
1868,2019-11-04 00:00:00,194.720001
1869,2019-11-05 00:00:00,194.320007
1870,2019-11-06 00:00:00,191.550003
1871,2019-11-07 00:00:00,190.419998
1872,2019-11-08 00:00:00,190.83999599999999
1873,2019-11-11 00:00:00,189.610001
1874,2019-11-12 00:00:00,194.470001
1875,2019-11-13 00:00:00,193.190002
1876,2019-11-14 00:00:00,193.149994
1877,2019-11-15 00:00:00,195.100006
1878,2019-11-18 00:00:00,197.399994
1879,2019-11-19 00:00:00,199.320007
1880,2019-11-20 00:00:00,197.509995
1881,2019-11-21 00:00:00,197.929993
1882,2019-11-22 00:00:00,198.820007
1883,2019-11-25 00:00:00,199.78999299999998
1884,2019-11-26 00:00:00,198.970001
1885,2019-11-27 00:00:00,202.0
1886,2019-11-29 00:00:00,201.639999
1887,2019-12-02 00:00:00,199.699997
1888,2019-12-03 00:00:00,198.820007
1889,2019-12-04 00:00:00,198.71000700000002
1890,2019-12-05 00:00:00,199.360001
1891,2019-12-06 00:00:00,201.050003
1892,2019-12-09 00:00:00,201.33999599999999
1893,2019-12-10 00:00:00,200.869995
1894,2019-12-11 00:00:00,202.259995
1895,2019-12-12 00:00:00,196.75
1896,2019-12-13 00:00:00,194.110001
1897,2019-12-16 00:00:00,197.919998
1898,2019-12-17 00:00:00,198.389999
1899,2019-12-18 00:00:00,202.5
1900,2019-12-19 00:00:00,206.059998
1901,2019-12-20 00:00:00,206.300003
1902,2019-12-23 00:00:00,206.179993
1903,2019-12-24 00:00:00,205.119995
1904,2019-12-26 00:00:00,207.78999299999998
1905,2019-12-27 00:00:00,208.100006
1906,2019-12-30 00:00:00,204.41000400000001
1907,2019-12-31 00:00:00,205.25
1908,2020-01-02 00:00:00,209.77999900000003
1909,2020-01-03 00:00:00,208.669998
1910,2020-01-06 00:00:00,212.600006
1911,2020-01-07 00:00:00,213.059998
1912,2020-01-08 00:00:00,215.22000099999997
1913,2020-01-09 00:00:00,218.30000299999998
1914,2020-01-10 00:00:00,218.059998
1915,2020-01-13 00:00:00,221.91000400000001
1916,2020-01-14 00:00:00,219.059998
1917,2020-01-15 00:00:00,221.149994
1918,2020-01-16 00:00:00,221.770004
1919,2020-01-17 00:00:00,222.13999900000002
1920,2020-01-21 00:00:00,221.440002
1921,2020-01-22 00:00:00,221.32000699999998
1922,2020-01-23 00:00:00,219.75999500000003
1923,2020-01-24 00:00:00,217.940002
1924,2020-01-27 00:00:00,214.86999500000002
1925,2020-01-28 00:00:00,217.789993
1926,2020-01-29 00:00:00,223.229996
1927,2020-01-30 00:00:00,209.529999
1928,2020-01-31 00:00:00,201.91000400000001
1929,2020-02-03 00:00:00,204.190002
1930,2020-02-04 00:00:00,209.830002
1931,2020-02-05 00:00:00,210.11000099999998
1932,2020-02-06 00:00:00,210.850006
1933,2020-02-07 00:00:00,212.330002
1934,2020-02-10 00:00:00,213.059998
1935,2020-02-11 00:00:00,207.190002
1936,2020-02-12 00:00:00,210.75999500000003
1937,2020-02-13 00:00:00,213.13999900000002
1938,2020-02-14 00:00:00,214.17999300000002
1939,2020-02-18 00:00:00,217.80000299999998
1940,2020-02-19 00:00:00,217.49000499999997
1941,2020-02-20 00:00:00,214.580002
1942,2020-02-21 00:00:00,210.17999300000002
1943,2020-02-24 00:00:00,200.720001
1944,2020-02-25 00:00:00,196.770004
1945,2020-02-26 00:00:00,197.199997
1946,2020-02-27 00:00:00,189.75
1947,2020-02-28 00:00:00,192.470001
1948,2020-03-02 00:00:00,196.440002
1949,2020-03-03 00:00:00,185.889999
1950,2020-03-04 00:00:00,191.759995
1951,2020-03-05 00:00:00,185.169998
1952,2020-03-06 00:00:00,181.08999599999999
1953,2020-03-09 00:00:00,169.5
1954,2020-03-10 00:00:00,178.190002
1955,2020-03-11 00:00:00,170.240005
1956,2020-03-12 00:00:00,154.470001
1957,2020-03-13 00:00:00,170.279999
1958,2020-03-16 00:00:00,146.009995
1959,2020-03-17 00:00:00,149.419998
1960,2020-03-18 00:00:00,146.96000700000002
1961,2020-03-19 00:00:00,153.130005
1962,2020-03-20 00:00:00,149.729996
1963,2020-03-23 00:00:00,148.100006
1964,2020-03-24 00:00:00,160.979996
1965,2020-03-25 00:00:00,156.21000700000002
1966,2020-03-26 00:00:00,163.33999599999999
1967,2020-03-27 00:00:00,156.78999299999998
1968,2020-03-30 00:00:00,165.949997
1969,2020-03-31 00:00:00,166.800003
1970,2020-04-01 00:00:00,159.600006
1971,2020-04-02 00:00:00,158.190002
1972,2020-04-03 00:00:00,154.179993
1973,2020-04-06 00:00:00,165.550003
1974,2020-04-07 00:00:00,168.830002
1975,2020-04-08 00:00:00,174.279999
1976,2020-04-09 00:00:00,175.190002
1977,2020-04-13 00:00:00,174.78999299999998
1978,2020-04-14 00:00:00,178.169998
1979,2020-04-15 00:00:00,176.970001
1980,2020-04-16 00:00:00,176.25
1981,2020-04-17 00:00:00,179.240005
1982,2020-04-20 00:00:00,178.240005
1983,2020-04-21 00:00:00,170.800003
1984,2020-04-22 00:00:00,182.279999
1985,2020-04-23 00:00:00,185.130005
1986,2020-04-24 00:00:00,190.070007
1987,2020-04-27 00:00:00,187.5
1988,2020-04-28 00:00:00,182.91000400000001
1989,2020-04-29 00:00:00,194.190002
1990,2020-04-30 00:00:00,204.71000700000002
1991,2020-05-01 00:00:00,202.270004
1992,2020-05-04 00:00:00,205.259995
1993,2020-05-05 00:00:00,207.070007
1994,2020-05-06 00:00:00,208.470001
1995,2020-05-07 00:00:00,211.25999500000003
1996,2020-05-08 00:00:00,212.350006
1997,2020-05-11 00:00:00,213.17999300000002
1998,2020-05-12 00:00:00,210.100006
1999,2020-05-13 00:00:00,205.100006
2000,2020-05-14 00:00:00,206.809998
2001,2020-05-15 00:00:00,210.88000499999998
2002,2020-05-18 00:00:00,213.190002
2003,2020-05-19 00:00:00,216.88000499999998
2004,2020-05-20 00:00:00,229.97000099999997
2005,2020-05-21 00:00:00,231.38999900000002
2006,2020-05-22 00:00:00,234.91000400000001
2007,2020-05-26 00:00:00,232.19999700000002
2008,2020-05-27 00:00:00,229.13999900000002
2009,2020-05-28 00:00:00,225.460007
2010,2020-05-29 00:00:00,225.08999599999999
2011,2020-06-01 00:00:00,231.91000400000001
2012,2020-06-02 00:00:00,232.72000099999997
2013,2020-06-03 00:00:00,230.16000400000001
2014,2020-06-04 00:00:00,226.289993
2015,2020-06-05 00:00:00,230.770004
2016,2020-06-08 00:00:00,231.399994
2017,2020-06-09 00:00:00,238.669998
2018,2020-06-10 00:00:00,236.729996
2019,2020-06-11 00:00:00,224.42999300000002
2020,2020-06-12 00:00:00,228.580002
2021,2020-06-15 00:00:00,232.5
2022,2020-06-16 00:00:00,235.649994
2023,2020-06-17 00:00:00,235.52999900000003
2024,2020-06-18 00:00:00,235.940002
2025,2020-06-19 00:00:00,238.789993
2026,2020-06-22 00:00:00,239.22000099999997
2027,2020-06-23 00:00:00,242.24000499999997
2028,2020-06-24 00:00:00,234.020004
2029,2020-06-25 00:00:00,235.67999300000002
2030,2020-06-26 00:00:00,216.080002
2031,2020-06-29 00:00:00,220.63999900000002
2032,2020-06-30 00:00:00,227.07000699999998
2033,2020-07-01 00:00:00,237.55000299999998
2034,2020-07-02 00:00:00,233.419998
2035,2020-07-06 00:00:00,240.27999900000003
2036,2020-07-07 00:00:00,240.86000099999998
2037,2020-07-08 00:00:00,243.580002
2038,2020-07-09 00:00:00,244.5
2039,2020-07-10 00:00:00,245.07000699999998
2040,2020-07-13 00:00:00,239.0
2041,2020-07-14 00:00:00,239.729996
2042,2020-07-15 00:00:00,240.27999900000003
2043,2020-07-16 00:00:00,240.92999300000002
2044,2020-07-17 00:00:00,242.02999900000003
2045,2020-07-20 00:00:00,245.419998
2046,2020-07-21 00:00:00,241.75
2047,2020-07-22 00:00:00,239.86999500000002
2048,2020-07-23 00:00:00,232.600006
2049,2020-07-24 00:00:00,230.710007
2050,2020-07-27 00:00:00,233.5
2051,2020-07-28 00:00:00,230.11999500000002
2052,2020-07-29 00:00:00,233.289993
2053,2020-07-30 00:00:00,234.5
2054,2020-07-31 00:00:00,253.669998
2055,2020-08-03 00:00:00,251.960007
2056,2020-08-04 00:00:00,249.830002
2057,2020-08-05 00:00:00,249.11999500000002
2058,2020-08-06 00:00:00,265.27999900000003
2059,2020-08-07 00:00:00,268.440002
2060,2020-08-10 00:00:00,263.0
2061,2020-08-11 00:00:00,256.130005
2062,2020-08-12 00:00:00,259.890015
2063,2020-08-13 00:00:00,261.299988
2064,2020-08-14 00:00:00,261.23999
2065,2020-08-17 00:00:00,261.160004
2066,2020-08-18 00:00:00,262.339996
2067,2020-08-19 00:00:00,262.589996
2068,2020-08-20 00:00:00,269.01001
2069,2020-08-21 00:00:00,267.01001
2070,2020-08-24 00:00:00,271.390015
2071,2020-08-25 00:00:00,280.820007
2072,2020-08-26 00:00:00,303.910004
2073,2020-08-27 00:00:00,293.22000099999997
2074,2020-08-28 00:00:00,293.660004
2075,2020-08-31 00:00:00,293.200012
2076,2020-09-01 00:00:00,295.440002
2077,2020-09-02 00:00:00,302.5
2078,2020-09-03 00:00:00,291.119995
2079,2020-09-04 00:00:00,282.730011
2080,2020-09-08 00:00:00,271.160004
2081,2020-09-09 00:00:00,273.72000099999997
2082,2020-09-10 00:00:00,268.089996
2083,2020-09-11 00:00:00,266.609985
2084,2020-09-14 00:00:00,266.149994
2085,2020-09-15 00:00:00,272.420013
2086,2020-09-16 00:00:00,263.519989
2087,2020-09-17 00:00:00,254.82000699999998
2088,2020-09-18 00:00:00,252.52999900000003
2089,2020-09-21 00:00:00,248.149994
2090,2020-09-22 00:00:00,254.75
2091,2020-09-23 00:00:00,249.020004
2092,2020-09-24 00:00:00,249.52999900000003
2093,2020-09-25 00:00:00,254.82000699999998
2094,2020-09-28 00:00:00,256.820007
2095,2020-09-29 00:00:00,261.790009
2096,2020-09-30 00:00:00,261.899994
2097,2020-10-01 00:00:00,266.630005
2098,2020-10-02 00:00:00,259.940002
2099,2020-10-05 00:00:00,264.649994
2100,2020-10-06 00:00:00,258.660004
2101,2020-10-07 00:00:00,258.119995
2102,2020-10-08 00:00:00,263.76001
2103,2020-10-09 00:00:00,264.450012
2104,2020-10-12 00:00:00,275.75
2105,2020-10-13 00:00:00,276.140015
2106,2020-10-14 00:00:00,271.820007
2107,2020-10-15 00:00:00,266.72000099999997
2108,2020-10-16 00:00:00,265.929993
2109,2020-10-19 00:00:00,261.399994
2110,2020-10-20 00:00:00,267.559998
2111,2020-10-21 00:00:00,278.730011
2112,2020-10-22 00:00:00,278.119995
2113,2020-10-23 00:00:00,284.790009
2114,2020-10-26 00:00:00,277.109985
2115,2020-10-27 00:00:00,283.290009
2116,2020-10-28 00:00:00,267.670013
2117,2020-10-29 00:00:00,280.829987
2118,2020-10-30 00:00:00,263.109985
2119,2020-11-02 00:00:00,261.359985
2120,2020-11-03 00:00:00,265.299988
2121,2020-11-04 00:00:00,287.380005
2122,2020-11-05 00:00:00,294.679993
2123,2020-11-06 00:00:00,293.410004
2124,2020-11-09 00:00:00,278.769989
2125,2020-11-10 00:00:00,272.429993
2126,2020-11-11 00:00:00,276.480011
2127,2020-11-12 00:00:00,275.079987
2128,2020-11-13 00:00:00,276.950012
2129,2020-11-16 00:00:00,278.959991
2130,2020-11-17 00:00:00,275.0
2131,2020-11-18 00:00:00,271.97000099999997
2132,2020-11-19 00:00:00,272.940002
2133,2020-11-20 00:00:00,269.700012
2134,2020-11-23 00:00:00,268.429993
2135,2020-11-24 00:00:00,276.920013
2136,2020-11-25 00:00:00,275.589996
2137,2020-11-27 00:00:00,277.809998
2138,2020-11-30 00:00:00,276.97000099999997
2139,2020-12-01 00:00:00,286.549988
2140,2020-12-02 00:00:00,287.519989
2141,2020-12-03 00:00:00,281.850006
2142,2020-12-04 00:00:00,279.700012
2143,2020-12-07 00:00:00,285.579987
2144,2020-12-08 00:00:00,283.399994
2145,2020-12-09 00:00:00,277.920013
2146,2020-12-10 00:00:00,277.119995
2147,2020-12-11 00:00:00,273.549988
2148,2020-12-14 00:00:00,274.190002
2149,2020-12-15 00:00:00,275.549988
2150,2020-12-16 00:00:00,275.670013
2151,2020-12-17 00:00:00,274.480011
2152,2020-12-18 00:00:00,276.399994
2153,2020-12-21 00:00:00,272.790009
2154,2020-12-22 00:00:00,267.089996
2155,2020-12-23 00:00:00,268.109985
2156,2020-12-24 00:00:00,267.399994
2157,2020-12-28 00:00:00,277.0
2158,2020-12-29 00:00:00,276.77999900000003
2159,2020-12-30 00:00:00,271.869995
2160,2020-12-31 00:00:00,273.160004
2161,2021-01-04 00:00:00,268.940002
2162,2021-01-05 00:00:00,270.97000099999997
2163,2021-01-06 00:00:00,263.309998
2164,2021-01-07 00:00:00,268.73999
2165,2021-01-08 00:00:00,267.570007
2166,2021-01-11 00:00:00,256.839996
2167,2021-01-12 00:00:00,251.08999599999999
2168,2021-01-13 00:00:00,251.63999900000002
2169,2021-01-14 00:00:00,245.63999900000002
2170,2021-01-15 00:00:00,251.36000099999998
2171,2021-01-19 00:00:00,261.100006
2172,2021-01-20 00:00:00,267.480011
2173,2021-01-21 00:00:00,272.869995
2174,2021-01-22 00:00:00,274.5
2175,2021-01-25 00:00:00,278.01001
2176,2021-01-26 00:00:00,282.049988
2177,2021-01-27 00:00:00,272.140015
2178,2021-01-28 00:00:00,265.0
2179,2021-01-29 00:00:00,258.329987
2180,2021-02-01 00:00:00,262.01001
2181,2021-02-02 00:00:00,267.079987
2182,2021-02-03 00:00:00,266.649994
2183,2021-02-04 00:00:00,266.48999
2184,2021-02-05 00:00:00,268.100006
2185,2021-02-08 00:00:00,266.579987
2186,2021-02-09 00:00:00,269.450012
2187,2021-02-10 00:00:00,271.869995
2188,2021-02-11 00:00:00,270.390015
2189,2021-02-12 00:00:00,270.5
2190,2021-02-16 00:00:00,273.97000099999997
2191,2021-02-17 00:00:00,273.570007
2192,2021-02-18 00:00:00,269.390015
2193,2021-02-19 00:00:00,261.559998
2194,2021-02-22 00:00:00,260.329987
2195,2021-02-23 00:00:00,265.859985
2196,2021-02-24 00:00:00,264.309998
2197,2021-02-25 00:00:00,254.690002
2198,2021-02-26 00:00:00,257.619995
2199,2021-03-01 00:00:00,264.910004
2200,2021-03-02 00:00:00,259.0
2201,2021-03-03 00:00:00,255.41000400000001
2202,2021-03-04 00:00:00,257.640015
2203,2021-03-05 00:00:00,264.27999900000003
2204,2021-03-08 00:00:00,255.309998
2205,2021-03-09 00:00:00,265.73999
2206,2021-03-10 00:00:00,264.899994
2207,2021-03-11 00:00:00,273.880005
2208,2021-03-12 00:00:00,268.399994
2209,2021-03-15 00:00:00,273.75
2210,2021-03-16 00:00:00,279.27999900000003
2211,2021-03-17 00:00:00,284.01001
2212,2021-03-18 00:00:00,278.619995
2213,2021-03-19 00:00:00,290.109985
2214,2021-03-22 00:00:00,293.540009
2215,2021-03-23 00:00:00,290.630005
2216,2021-03-24 00:00:00,282.140015
2217,2021-03-25 00:00:00,278.73999
2218,2021-03-26 00:00:00,283.019989
2219,2021-03-29 00:00:00,290.820007
2220,2021-03-30 00:00:00,288.0
2221,2021-03-31 00:00:00,294.52999900000003
2222,2021-04-01 00:00:00,298.660004
2223,2021-04-05 00:00:00,308.910004
2224,2021-04-06 00:00:00,306.26001
2225,2021-04-07 00:00:00,313.089996
2226,2021-04-08 00:00:00,313.019989
2227,2021-04-09 00:00:00,312.459991
2228,2021-04-12 00:00:00,311.540009
2229,2021-04-13 00:00:00,309.76001
2230,2021-04-14 00:00:00,302.820007
2231,2021-04-15 00:00:00,307.820007
2232,2021-04-16 00:00:00,306.179993
2233,2021-04-19 00:00:00,302.23999
2234,2021-04-20 00:00:00,302.649994
2235,2021-04-21 00:00:00,301.47000099999997
2236,2021-04-22 00:00:00,296.519989
2237,2021-04-23 00:00:00,301.130005
2238,2021-04-26 00:00:00,303.040009
2239,2021-04-27 00:00:00,303.570007
2240,2021-04-28 00:00:00,307.100006
2241,2021-04-29 00:00:00,329.51001
2242,2021-04-30 00:00:00,325.079987
2243,2021-05-03 00:00:00,322.579987
2244,2021-05-04 00:00:00,318.359985
2245,2021-05-05 00:00:00,315.019989
2246,2021-05-06 00:00:00,320.019989
2247,2021-05-07 00:00:00,319.079987
2248,2021-05-10 00:00:00,305.97000099999997
2249,2021-05-11 00:00:00,306.52999900000003
2250,2021-05-12 00:00:00,302.549988
2251,2021-05-13 00:00:00,305.26001
2252,2021-05-14 00:00:00,315.940002
2253,2021-05-17 00:00:00,315.459991
2254,2021-05-18 00:00:00,309.959991
2255,2021-05-19 00:00:00,313.589996
2256,2021-05-20 00:00:00,318.609985
2257,2021-05-21 00:00:00,316.230011
2258,2021-05-24 00:00:00,324.630005
2259,2021-05-25 00:00:00,327.790009
2260,2021-05-26 00:00:00,327.660004
2261,2021-05-27 00:00:00,332.75
2262,2021-05-28 00:00:00,328.730011
2263,2021-06-01 00:00:00,329.130005
2264,2021-06-02 00:00:00,329.149994
2265,2021-06-03 00:00:00,326.040009
2266,2021-06-04 00:00:00,330.350006
2267,2021-06-07 00:00:00,336.579987
2268,2021-06-08 00:00:00,333.679993
2269,2021-06-09 00:00:00,330.25
2270,2021-06-10 00:00:00,332.459991
2271,2021-06-11 00:00:00,331.26001
2272,2021-06-14 00:00:00,336.769989
2273,2021-06-15 00:00:00,336.75
2274,2021-06-16 00:00:00,331.079987
2275,2021-06-17 00:00:00,336.51001
2276,2021-06-18 00:00:00,329.660004
2277,2021-06-21 00:00:00,332.290009
2278,2021-06-22 00:00:00,339.02999900000003
2279,2021-06-23 00:00:00,340.589996
2280,2021-06-24 00:00:00,343.179993
2281,2021-06-25 00:00:00,341.369995
2282,2021-06-28 00:00:00,355.640015
2283,2021-06-29 00:00:00,351.890015
2284,2021-06-30 00:00:00,347.709991
2285,2021-07-01 00:00:00,354.390015
2286,2021-07-02 00:00:00,354.700012
2287,2021-07-06 00:00:00,352.77999900000003
2288,2021-07-07 00:00:00,350.48999
2289,2021-07-08 00:00:00,345.649994
2290,2021-07-09 00:00:00,350.420013
2291,2021-07-12 00:00:00,353.160004
2292,2021-07-13 00:00:00,352.089996
2293,2021-07-14 00:00:00,347.630005
2294,2021-07-15 00:00:00,344.459991
2295,2021-07-16 00:00:00,341.160004
2296,2021-07-19 00:00:00,336.950012
2297,2021-07-20 00:00:00,341.660004
2298,2021-07-21 00:00:00,346.230011
2299,2021-07-22 00:00:00,351.190002
2300,2021-07-23 00:00:00,369.790009
2301,2021-07-26 00:00:00,372.459991
2302,2021-07-27 00:00:00,367.809998
2303,2021-07-28 00:00:00,373.27999900000003
2304,2021-07-29 00:00:00,358.320007
2305,2021-07-30 00:00:00,356.299988
2306,2021-08-02 00:00:00,351.950012
2307,2021-08-03 00:00:00,351.23999
2308,2021-08-04 00:00:00,358.920013
2309,2021-08-05 00:00:00,362.97000099999997
2310,2021-08-06 00:00:00,363.51001
2311,2021-08-09 00:00:00,361.609985
2312,2021-08-10 00:00:00,361.130005
2313,2021-08-11 00:00:00,359.959991
2314,2021-08-12 00:00:00,362.649994
2315,2021-08-13 00:00:00,363.179993
2316,2021-08-16 00:00:00,366.559998
2317,2021-08-17 00:00:00,358.450012
2318,2021-08-18 00:00:00,355.450012
2319,2021-08-19 00:00:00,355.119995
2320,2021-08-20 00:00:00,359.369995
2321,2021-08-23 00:00:00,363.350006
2322,2021-08-24 00:00:00,365.51001
2323,2021-08-25 00:00:00,368.390015
2324,2021-08-26 00:00:00,364.380005
2325,2021-08-27 00:00:00,372.630005
2326,2021-08-30 00:00:00,380.660004
2327,2021-08-31 00:00:00,379.380005
2328,2021-09-01 00:00:00,382.049988
2329,2021-09-02 00:00:00,375.27999900000003
2330,2021-09-03 00:00:00,376.26001
2331,2021-09-07 00:00:00,382.179993
2332,2021-09-08 00:00:00,377.570007
2333,2021-09-09 00:00:00,378.0
2334,2021-09-10 00:00:00,378.690002
2335,2021-09-13 00:00:00,376.51001
2336,2021-09-14 00:00:00,376.52999900000003
2337,2021-09-15 00:00:00,373.920013
2338,2021-09-16 00:00:00,373.059998
2339,2021-09-17 00:00:00,364.72000099999997
2340,2021-09-20 00:00:00,355.700012
2341,2021-09-21 00:00:00,357.480011
2342,2021-09-22 00:00:00,343.209991
2343,2021-09-23 00:00:00,345.959991
2344,2021-09-24 00:00:00,352.959991
2345,2021-09-27 00:00:00,353.579987
2346,2021-09-28 00:00:00,340.649994
2347,2021-09-29 00:00:00,339.609985
2348,2021-09-30 00:00:00,339.390015
2349,2021-10-01 00:00:00,343.01001
2350,2021-10-04 00:00:00,326.230011
2351,2021-10-05 00:00:00,332.959991
2352,2021-10-06 00:00:00,333.640015
2353,2021-10-07 00:00:00,329.22000099999997
2354,2021-10-08 00:00:00,330.049988
2355,2021-10-11 00:00:00,325.450012
2356,2021-10-12 00:00:00,323.769989
2357,2021-10-13 00:00:00,324.540009
2358,2021-10-14 00:00:00,328.52999900000003
2359,2021-10-15 00:00:00,324.76001
2360,2021-10-18 00:00:00,335.339996
2361,2021-10-19 00:00:00,339.98999
2362,2021-10-20 00:00:00,340.77999900000003
2363,2021-10-21 00:00:00,341.880005
2364,2021-10-22 00:00:00,324.609985
2365,2021-10-25 00:00:00,328.690002
2366,2021-10-26 00:00:00,315.809998
2367,2021-10-27 00:00:00,312.22000099999997
2368,2021-10-28 00:00:00,316.920013
2369,2021-10-29 00:00:00,323.570007
2370,2021-11-01 00:00:00,329.980011
2371,2021-11-02 00:00:00,328.079987
2372,2021-11-03 00:00:00,331.619995
2373,2021-11-04 00:00:00,335.850006
2374,2021-11-05 00:00:00,341.130005
2375,2021-11-08 00:00:00,338.619995
2376,2021-11-09 00:00:00,335.369995
2377,2021-11-10 00:00:00,327.640015
2378,2021-11-11 00:00:00,327.73999
2379,2021-11-12 00:00:00,340.890015
2380,2021-11-15 00:00:00,347.559998
2381,2021-11-16 00:00:00,342.959991
2382,2021-11-17 00:00:00,340.769989
2383,2021-11-18 00:00:00,338.690002
2384,2021-11-19 00:00:00,345.299988
2385,2021-11-22 00:00:00,341.01001
2386,2021-11-23 00:00:00,337.25
2387,2021-11-24 00:00:00,341.059998
2388,2021-11-26 00:00:00,333.119995
2389,2021-11-29 00:00:00,338.02999900000003
